unique.cellid,CGP.cellid,CCLE.cellid,GSK.cellid,NCI60.cellid,SU2C.cellid,GRAY.cellid,PGP.cellid,GNE.cellid,LINCS_HMS.cellid,COSMIC.tissueid,unique.tissueid,COSMIC.bestmatch
22RV1,22RV1,22Rv1,22RV1,,,,,,22RV1,prostate,prostate,
23132-87,23132-87,23132/87,,,,,,,,stomach,stomach,
380,380,,,,,,,,,haematopoietic_and_lymphoid_tissue,haematopoietic_and_lymphoid_tissue,
5637,5637,5637,5637,,,,,,,urinary_tract,urinary_tract,
639-V,639-V,639-V,639V,,,,,,639-V,urinary_tract,urinary_tract,
647-V,647-V,647-V,647V,,,,,,647-V,urinary_tract,urinary_tract,
697,697,697,,,,,,,,haematopoietic_and_lymphoid_tissue,haematopoietic_and_lymphoid_tissue,
769-P,769-P,769-P,769P,,,,,769-P,769-P,kidney,kidney,
786-0,786-0,786-O,786O,RE:786_0,,,,,,kidney,kidney,
8-MG-BA,8-MG-BA,8-MG-BA,,,,,,,8-MG-BA,central_nervous_system,central_nervous_system,
8305C,8305C,8305C,,,,,,,8305C,thyroid,thyroid,
8505C,8505C,8505C,,,,,,,8505C,thyroid,thyroid,
A101D,A101D,A101D,A101D,,,,,,A101D,skin,skin,
A172,A172,A172,A172,,,,,A172,A172,central_nervous_system,central_nervous_system,
A204,A204,A-204,A204,,,,,,,soft_tissue,soft_tissue,
A2058,A2058,A2058,,,,,,A2058,A2058,skin,skin,
A253,A253,A-253,,,,,,,A253,skin,skin,
A2780,A2780,A2780,A2780,,,,,A2780,A2780,ovary,ovary,
A3-KAW,A3-KAW,A3/KAW,,,,,,,,haematopoietic_and_lymphoid_tissue,haematopoietic_and_lymphoid_tissue,
A375,A375,A-375,A375,,,,,,,skin,skin,
A388,A388,,,,,,,,A388,skin,skin,
A4-Fuk,A4-Fuk,A4/Fuk,,,,,,,A4-Fuk,haematopoietic_and_lymphoid_tissue,haematopoietic_and_lymphoid_tissue,
A427,A427,,A427,,,,,,,lung,lung,
A431,A431,,A431,,,,,,A431,skin,skin,
A498,A498,A-498,A498,RE:A498,,,A498,,A498,haematopoietic_and_lymphoid_tissue,haematopoietic_and_lymphoid_tissue,
A549,A549,A549,A549,LC:A549,,,A549,A549,A549,lung,lung,
A673,A673,A-673,A673,,,,,,A673,bone,bone,
A704,A704,A-704,,,,,,,A704,kidney,kidney,
ABC-1,ABC-1,ABC-1,,,,,,ABC-1,ABC-1,lung,lung,
ACHN,ACHN,ACHN,ACHN,RE:ACHN,,,ACHN,ACHN,ACHN,kidney,kidney,
ACN,ACN,,,,,,,,ACN,autonomic_ganglia,autonomic_ganglia,
AGS,AGS,AGS,AGS,,,,AGS,AGS,AGS,stomach,stomach,
ALL-PO,ALL-PO,,,,,,,,ALL-PO,haematopoietic_and_lymphoid_tissue,haematopoietic_and_lymphoid_tissue,
AM-38,AM-38,AM-38,,,,,,,AM-38,central_nervous_system,central_nervous_system,
AML-193,AML-193,AML-193,,,,,,,,haematopoietic_and_lymphoid_tissue,haematopoietic_and_lymphoid_tissue,
AN3-CA,AN3-CA,AN3 CA,AN3CA,,,,,,,endometrium,endometrium,
ARH-77,ARH-77,,ARH77,,,,,,ARH-77,haematopoietic_and_lymphoid_tissue,haematopoietic_and_lymphoid_tissue,
AsPC-1,AsPC-1,AsPC-1,ASPC1,,,,,AsPC-1,AsPC-1,pancreas,pancreas,
ATN-1,ATN-1,,,,,,,,ATN-1,haematopoietic_and_lymphoid_tissue,haematopoietic_and_lymphoid_tissue,
AU565,AU565,AU565,,,AU565,AU565,AU565,,AU565,breast,breast,
B2-17,B2-17,,,,,,,,B2-17,central_nervous_system,central_nervous_system,
BALL-1,BALL-1,,,,,,,,BALL-1,haematopoietic_and_lymphoid_tissue,haematopoietic_and_lymphoid_tissue,
BB30-HNC,BB30-HNC,,,,,,,,BB30-HNC,upper_aerodigestive_tract,upper_aerodigestive_tract,
BB49-HNC,BB49-HNC,,,,,,,,BB49-HNC,upper_aerodigestive_tract,upper_aerodigestive_tract,
BB65-RCC,BB65-RCC,,,,,,,,BB65-RCC,kidney,kidney,
BC-1,BC-1,,BC1,,,,,,BC-1,haematopoietic_and_lymphoid_tissue,haematopoietic_and_lymphoid_tissue,
BC-3,BC-3,,BC3,,,,,,BC-3,haematopoietic_and_lymphoid_tissue,haematopoietic_and_lymphoid_tissue,
BCPAP,BCPAP,B-CPAP,,,,,,,,thyroid,thyroid,
BE-13,BE-13,,,,,,,,BE-13,haematopoietic_and_lymphoid_tissue,haematopoietic_and_lymphoid_tissue,
Becker,Becker,Becker,,,,,,,Becker,central_nervous_system,central_nervous_system,
BEN,BEN,BEN,,,,,,BEN,BEN,lung,lung,
BFTC-905,BFTC-905,BFTC-905,BFTC905,,,,,BFTC-905,BFTC-905,urinary_tract,urinary_tract,
BFTC-909,BFTC-909,BFTC-909,,,,,,BFTC-909,BFTC-909,urinary_tract,urinary_tract,
BHT-101,BHT-101,BHT-101,BHT101,,,,,,BHT-101,thyroid,thyroid,
BHY,BHY,BHY,,,,,,BHY,BHY,upper_aerodigestive_tract,upper_aerodigestive_tract,
BL-41,BL-41,BL-41,,,,,,,BL-41,haematopoietic_and_lymphoid_tissue,haematopoietic_and_lymphoid_tissue,
BL-70,BL-70,BL-70,,,,,,,BL-70,haematopoietic_and_lymphoid_tissue,haematopoietic_and_lymphoid_tissue,
BOKU,BOKU,,,,,,,,BOKU,cervix,cervix,
BONNA-12,BONNA-12,,,,,,,,,haematopoietic_and_lymphoid_tissue,haematopoietic_and_lymphoid_tissue,
BPH-1,BPH-1,,BPH1,,,,,,BPH-1,prostate,prostate,
BT-20,BT-20,BT-20,BT20,,BT20,,,BT-20,BT-20,breast,breast,
BT-474,BT-474,BT-474,BT474,,BT474,,,BT-474,BT-474,breast,breast,
BT-549,BT-549,BT-549,,BR:BT_549,BT549,,,BT-549,BT-549,breast,breast,
BV-173,BV-173,BV-173,BV173,,,,,,BV-173,haematopoietic_and_lymphoid_tissue,haematopoietic_and_lymphoid_tissue,
BxPC-3,BxPC-3,BxPC-3,BXPC3,,,,,BxPC-3,BxPC-3,pancreas,pancreas,
C-33-A,C-33-A,,C33A,,,,,,,cervix,cervix,
C-4-II,C-4-II,,C4II,,,,,,,cervix,cervix,
C2BBe1,C2BBe1,C2BBe1,,,,,,C2BBe1,C2BBe1,large_intestine,large_intestine,
C32,C32,C32,C32TG,,,,,C32,C32,skin,skin,
C3A,C3A,C3A,C3A,,,,,C3A,C3A,liver,liver,
C8166,C8166,,,,,,,,C8166,haematopoietic_and_lymphoid_tissue,haematopoietic_and_lymphoid_tissue,
Ca-Ski,Ca-Ski,,,,,,,,,cervix,cervix,
CA46,CA46,CA46,CA46,,,,,CA46,CA46,haematopoietic_and_lymphoid_tissue,haematopoietic_and_lymphoid_tissue,
Ca9-22,Ca9-22,,,,,,,,Ca9-22,upper_aerodigestive_tract,upper_aerodigestive_tract,
CAKI-1,CAKI-1,Caki-1,CAKI1,RE:CAKI_1,,,,,,kidney,kidney,
CAL-120,CAL-120,CAL-120,,,,,,CAL-120,CAL-120,breast,breast,
CAL-12T,CAL-12T,CAL-12T,,,,,,CAL-12T,CAL-12T,lung,lung,
CAL-148,CAL-148,CAL-148,,,,,,CAL-148,CAL-148,breast,breast,
CAL-27,CAL-27,CAL 27,CAL27,,,,,,,upper_aerodigestive_tract,upper_aerodigestive_tract,
CAL-33,CAL-33,CAL-33,,,,,,,CAL-33,upper_aerodigestive_tract,upper_aerodigestive_tract,
CAL-39,CAL-39,,,,,,,,CAL-39,vulva,vulva,
CAL-51,CAL-51,CAL-51,,,,,,,CAL-51,breast,breast,
CAL-54,CAL-54,CAL-54,CAL54,,,,,,CAL-54,kidney,kidney,
CAL-62,CAL-62,CAL-62,CAL62,,,,,,CAL-62,thyroid,thyroid,
CAL-72,CAL-72,,,,,,,,CAL-72,bone,bone,
CAL-85-1,CAL-85-1,CAL-85-1,,,,,,CAL-85-1,CAL-85-1,breast,breast,
Calu-1,Calu-1,Calu-1,CALU1,,,,,Calu-1,Calu-1,lung,lung,
Calu-3,Calu-3,Calu-3,CALU3,,,,,Calu-3,Calu-3,lung,lung,
Calu-6,Calu-6,Calu-6,CALU6,,,,,Calu-6,Calu-6,lung,lung,
CAMA-1,CAMA-1,CAMA-1,,,CAMA1,,,CAMA-1,CAMA-1,breast,breast,
Caov-3,Caov-3,Caov-3,CAOV3,,,,,Caov-3,Caov-3,ovary,ovary,
Caov-4,Caov-4,Caov-4,,,,,,,Caov-4,ovary,ovary,
CAPAN-1,CAPAN-1,Capan-1,CAPAN1,,,,,,,pancreas,pancreas,
Capan-2,Capan-2,Capan-2,CAPAN2,,,,,Capan-2,Capan-2,pancreas,pancreas,
CaR-1,CaR-1,,,,,,,CaR-1,CaR-1,large_intestine,large_intestine,
CAS-1,CAS-1,CAS-1,,,,,,,CAS-1,central_nervous_system,central_nervous_system,
CCF-STTG1,CCF-STTG1,CCF-STTG1,CCFSTTG1,,,,,,CCF-STTG1,central_nervous_system,central_nervous_system,
CCRF-CEM,CCRF-CEM,,CCRFCEM,LE:CCRF_CEM,,,,,CCRF-CEM,haematopoietic_and_lymphoid_tissue,haematopoietic_and_lymphoid_tissue,
CESS,CESS,,CESS,,,,,,CESS,haematopoietic_and_lymphoid_tissue,haematopoietic_and_lymphoid_tissue,
CFPAC-1,CFPAC-1,CFPAC-1,,,,,,CFPAC-1,CFPAC-1,pancreas,pancreas,
CGTH-W-1,CGTH-W-1,CGTH-W-1,CGTHW1,,,,,,CGTH-W-1,thyroid,thyroid,
ChaGo-K-1,ChaGo-K-1,ChaGo-K-1,CHAGOK1,,,,,ChaGo-K-1,ChaGo-K-1,lung,lung,
CHL-1,CHL-1,CHL-1,CHL1,,,,,CHL-1,,skin,skin,
CHP-126,CHP-126,CHP-126,,,,,,,CHP-126,autonomic_ganglia,autonomic_ganglia,
CHP-134,CHP-134,,,,,,,,,autonomic_ganglia,autonomic_ganglia,
CHP-212,CHP-212,CHP-212,CHP212,,,,,CHP-212,CHP-212,autonomic_ganglia,autonomic_ganglia,
CMK,CMK,CMK,,,,,,,CMK,haematopoietic_and_lymphoid_tissue,haematopoietic_and_lymphoid_tissue,
CML-T1,CML-T1,CML-T1,CMLT1,,,,,,,haematopoietic_and_lymphoid_tissue,haematopoietic_and_lymphoid_tissue,
COLO-205,COLO-205,COLO 205,COLO205,CO:COLO205,,,,,,large_intestine,large_intestine,
COLO-320-HSR,COLO-320-HSR,COLO-320,COLO320HSR,,,,,,COLO-320-HSR,large_intestine,large_intestine,
COLO-668,COLO-668,COLO 668,COLO668,,,,,,COLO-668,lung,lung,
COLO-678,COLO-678,COLO-678,,,,,,,COLO-678,large_intestine,large_intestine,
COLO-679,COLO-679,COLO-679,,,,,,,COLO-679,skin,skin,
COLO-680N,COLO-680N,COLO-680N,,,,,,,COLO-680N,oesophagus,oesophagus,
COLO-684,COLO-684,,,,,,,,,endometrium,endometrium,
COLO-720E,COLO-720E,,,,,,,,,ovary,ovary,
COLO-741,COLO-741,COLO 741,,,,,,,,large_intestine,large_intestine,
COLO-792,COLO-792,COLO 792,,,,,,,,skin,skin,
COLO-800,COLO-800,COLO-800,,,,,,,COLO-800,skin,skin,
COLO-824,COLO-824,,,,,,,,COLO-824,breast,breast,
COLO-829,COLO-829,COLO 829,COLO829,,,,,,COLO-829,skin,skin,
COR-L105,COR-L105,COR-L105,CORL105,,,,,,,lung,lung,
COR-L23,COR-L23,COR-L23,CORL23,,,,,,COR-L23,lung,lung,
COR-L279,COR-L279,COR-L279,CORL279,,,,,COR-L279,COR-L279,lung,lung,
COR-L51,COR-L51,COR-L51,,,,,,,COR-L51,lung,lung,
COR-L88,COR-L88,COR-L88,CORL88,,,,,COR-L88,COR-L88,lung,lung,
COR-L96CAR,COR-L96CAR,,,,,,,,,lung,lung,
CP50-MEL-B,CP50-MEL-B,,,,,,,,CP50-MEL-B,skin,skin,
CP66-MEL,CP66-MEL,,,,,,,,CP66-MEL,skin,skin,
CP67-MEL,CP67-MEL,,,,,,,,,skin,skin,
CPC-N,CPC-N,CPC-N,,,,,,CPC-N,CPC-N,lung,lung,
CRO-AP2,CRO-AP2,,CROAP2,,,,,,,haematopoietic_and_lymphoid_tissue,haematopoietic_and_lymphoid_tissue,
CRO-AP5,CRO-AP5,,CROAP5,,,,,,,haematopoietic_and_lymphoid_tissue,haematopoietic_and_lymphoid_tissue,
CTB-1,CTB-1,,,,,,,,CTB-1,haematopoietic_and_lymphoid_tissue,haematopoietic_and_lymphoid_tissue,
CTV-1,CTV-1,,,,,,,,CTV-1,haematopoietic_and_lymphoid_tissue,haematopoietic_and_lymphoid_tissue,
CW-2,CW-2,CW-2,,,,,,CW-2,CW-2,large_intestine,large_intestine,
D-245MG,D-245MG,,,,,,,,,central_nervous_system,central_nervous_system,
D-247MG,D-247MG,,,,,,,,D-247MG,central_nervous_system,central_nervous_system,
D-263MG,D-263MG,,,,,,,,D-263MG,central_nervous_system,central_nervous_system,
D-283MED,D-283MED,D283 Med,D283MED,,,,,,,central_nervous_system,central_nervous_system,
D-336MG,D-336MG,,,,,,,,D-336MG,central_nervous_system,central_nervous_system,
D-384MED,D-384MED,,,,,,,,,central_nervous_system,central_nervous_system,
D-392MG,D-392MG,,,,,,,,D-392MG,central_nervous_system,central_nervous_system,
D-397MG,D-397MG,,,,,,,,,central_nervous_system,central_nervous_system,
D-423MG,D-423MG,,,,,,,,D-423MG,central_nervous_system,central_nervous_system,
D-458MED,D-458MED,,,,,,,,,central_nervous_system,central_nervous_system,
D-502MG,D-502MG,,,,,,,,D-502MG,central_nervous_system,central_nervous_system,
D-538MG,D-538MG,,,,,,,,,central_nervous_system,central_nervous_system,
D-542MG,D-542MG,,,,,,,,D-542MG,central_nervous_system,central_nervous_system,
D-556MED,D-556MED,,,,,,,,,central_nervous_system,central_nervous_system,
D-566MG,D-566MG,,,,,,,,D-566MG,central_nervous_system,central_nervous_system,
Daoy,Daoy,Daoy,,,,,,,Daoy,central_nervous_system,central_nervous_system,
Daudi,Daudi,Daudi,DAUDI,,,,,Daudi,Daudi,haematopoietic_and_lymphoid_tissue,haematopoietic_and_lymphoid_tissue,
DB,DB,DB,DB,,,,,DB,DB,haematopoietic_and_lymphoid_tissue,haematopoietic_and_lymphoid_tissue,
DBTRG-05MG,DBTRG-05MG,DBTRG-05MG,DBTRG05MG,,,,,,DBTRG-05MG,central_nervous_system,central_nervous_system,
DEL,DEL,DEL,,,,,,,DEL,haematopoietic_and_lymphoid_tissue,haematopoietic_and_lymphoid_tissue,
Detroit562,Detroit562,Detroit 562,DETROIT562,,,,,,,upper_aerodigestive_tract,upper_aerodigestive_tract,
DG-75,DG-75,,DG75,,,,,,DG-75,haematopoietic_and_lymphoid_tissue,haematopoietic_and_lymphoid_tissue,
DJM-1,DJM-1,,,,,,,,DJM-1,skin,skin,
DK-MG,DK-MG,DK-MG,DKMG,,,,,,DK-MG,central_nervous_system,central_nervous_system,
DMS-114,DMS-114,DMS 114,DMS114,,,,,,,lung,lung,
DMS-153,DMS-153,DMS 153,DMS153,,,,,,,lung,lung,
DMS-273,DMS-273,DMS 273,DMS273,,,,,,,lung,lung,
DMS-53,DMS-53,DMS 53,DMS53,,,,,,,lung,lung,
DMS-79,DMS-79,DMS 79,DMS79,,,,,,,lung,lung,
DOHH-2,DOHH-2,DOHH-2,DOHH2,,,,,DOHH-2,DOHH-2,haematopoietic_and_lymphoid_tissue,haematopoietic_and_lymphoid_tissue,
DOK,DOK,,,,,,,DOK,DOK,upper_aerodigestive_tract,upper_aerodigestive_tract,
DoTc2-4510,DoTc2-4510,,DOTC24510,,,,,,,cervix,cervix,
DSH1,DSH1,,,,,,,,DSH1,urinary_tract,urinary_tract,
DU-145,DU-145,DU 145,DU145,PR:DU_145,,,,,,prostate,prostate,
DU-4475,DU-4475,DU4475,DU4475,,,,,,,breast,breast,
DV-90,DV-90,DV-90,,,,,,DV-90,DV-90,lung,lung,
EB-3,EB-3,,EB3,,,,,EB-3,EB-3,haematopoietic_and_lymphoid_tissue,haematopoietic_and_lymphoid_tissue,
EB2,EB2,EB2,EB2,,,,,EB2,EB2,haematopoietic_and_lymphoid_tissue,haematopoietic_and_lymphoid_tissue,
EC-GI-10,EC-GI-10,EC-GI-10,,,,,,,EC-GI-10,oesophagus,oesophagus,
ECC10,ECC10,ECC10,,,,,,,ECC10,stomach,stomach,
ECC12,ECC12,ECC12,,,,,,,ECC12,stomach,stomach,
ECC4,ECC4,,,,,,,,ECC4,gastrointestinal_tract_(site_indeterminate),gastrointestinal_tract_(site_indeterminate),
EFE-184,EFE-184,EFE-184,,,,,,,EFE-184,endometrium,endometrium,
EFM-19,EFM-19,EFM-19,EFM19,,,,,EFM-19,EFM-19,breast,breast,
EFO-21,EFO-21,EFO-21,,,,,,,EFO-21,ovary,ovary,
EFO-27,EFO-27,EFO-27,,,,,,EFO-27,EFO-27,ovary,ovary,
EGI-1,EGI-1,,,,,,,,EGI-1,biliary_tract,biliary_tract,
EHEB,EHEB,EHEB,,,,,,,EHEB,haematopoietic_and_lymphoid_tissue,haematopoietic_and_lymphoid_tissue,
EKVX,EKVX,,EKVX,LC:EKVX,,,EKVX,EKVX,EKVX,lung,lung,
EM-2,EM-2,EM-2,EM2,,,,,,EM-2,haematopoietic_and_lymphoid_tissue,haematopoietic_and_lymphoid_tissue,
EoL-1-cell,EoL-1-cell,,,,,,,,EoL-1-cell,haematopoietic_and_lymphoid_tissue,haematopoietic_and_lymphoid_tissue,
EPLC-272H,EPLC-272H,EPLC-272H,,,,,,EPLC-272H,EPLC-272H,lung,lung,
ES1,ES1,,,,,,,,ES1,bone,bone,
ES3,ES3,,,,,,,,ES3,bone,bone,
ES4,ES4,,,,,,,,ES4,bone,bone,
ES5,ES5,,,,,,,,ES5,bone,bone,
ES6,ES6,,,,,,,,ES6,bone,bone,
ES7,ES7,,,,,,,,ES7,bone,bone,
ES8,ES8,,,,,,,,ES8,bone,bone,
ESS-1,ESS-1,ESS-1,,,,,,,ESS-1,endometrium,endometrium,
ETK-1,ETK-1,,,,,,,,ETK-1,biliary_tract,biliary_tract,
EVSA-T,EVSA-T,EVSA-T,,,,,,EVSA-T,EVSA-T,breast,breast,
EW-1,EW-1,,,,,,,,EW-1,bone,bone,
EW-11,EW-11,,,,,,,,EW-11,bone,bone,
EW-12,EW-12,,,,,,,,,bone,bone,
EW-13,EW-13,,,,,,,,EW-13,bone,bone,
EW-16,EW-16,,,,,,,,EW-16,bone,bone,
EW-18,EW-18,,,,,,,,EW-18,bone,bone,
EW-22,EW-22,,,,,,,,,bone,bone,
EW-24,EW-24,,,,,,,,EW-24,bone,bone,
EW-3,EW-3,,,,,,,,EW-3,bone,bone,
EW-7,EW-7,,,,,,,,EW-7,bone,bone,
FADU,FADU,FaDu,FADU,,,,,,,upper_aerodigestive_tract,upper_aerodigestive_tract,
FTC-133,FTC-133,FTC-133,,,,,,,FTC-133,thyroid,thyroid,
G-361,G-361,G-361,,,,,,G-361,G-361,skin,skin,
G-401,G-401,G-401,G401,,,,,,G-401,soft_tissue,soft_tissue,
G-402,G-402,G-402,G402,,,,,G-402,G-402,soft_tissue,soft_tissue,
GA-10-Clone-20,GA-10-Clone-20,,,,,,,,,haematopoietic_and_lymphoid_tissue,haematopoietic_and_lymphoid_tissue,
GA-10-Clone-4,GA-10-Clone-4,,,,,,,,,haematopoietic_and_lymphoid_tissue,haematopoietic_and_lymphoid_tissue,
GAK,GAK,,,,,,,,GAK,skin,skin,
GAMG,GAMG,GAMG,,,,,,,GAMG,central_nervous_system,central_nervous_system,
GB-1,GB-1,GB-1,,,,,,,GB-1,central_nervous_system,central_nervous_system,
GCIY,GCIY,GCIY,,,,,,,GCIY,stomach,stomach,
GCT,GCT,GCT,GCT,,,,,,GCT,soft_tissue,soft_tissue,
GDM-1,GDM-1,GDM-1,GDM1,,,,,,GDM-1,haematopoietic_and_lymphoid_tissue,haematopoietic_and_lymphoid_tissue,
GI-1,GI-1,GI-1,,,,,,,GI-1,central_nervous_system,central_nervous_system,
GI-ME-N,GI-ME-N,,,,,,,,GI-ME-N,autonomic_ganglia,autonomic_ganglia,
GMS-10,GMS-10,GMS-10,,,,,,,GMS-10,central_nervous_system,central_nervous_system,
GOTO,GOTO,,,,,,,,GOTO,autonomic_ganglia,autonomic_ganglia,
GOTO-P3,GOTO-P3,,,,,,,,,autonomic_ganglia,autonomic_ganglia,
Gp2D,Gp2D,GP2d,,,,,,,Gp2D,large_intestine,large_intestine,
GP5d,GP5d,,,,,,,GP5d,GP5d,large_intestine,large_intestine,
GR-ST,GR-ST,,,,,,,,GR-ST,haematopoietic_and_lymphoid_tissue,haematopoietic_and_lymphoid_tissue,
GT3TKB,GT3TKB,,,,,,,,GT3TKB,stomach,stomach,
H-EMC-SS,H-EMC-SS,,,,,,,,H-EMC-SS,bone,bone,
H4,H4,H4,H4,,,,,,H4,central_nervous_system,central_nervous_system,
H9,H9,,,,,,,,H9,haematopoietic_and_lymphoid_tissue,haematopoietic_and_lymphoid_tissue,
HA7-RCC,HA7-RCC,,,,,,,,HA7-RCC,kidney,kidney,
HAL-01,HAL-01,,,,,,,,HAL-01,haematopoietic_and_lymphoid_tissue,haematopoietic_and_lymphoid_tissue,
HC-1,HC-1,,,,,,,,HC-1,haematopoietic_and_lymphoid_tissue,haematopoietic_and_lymphoid_tissue,
HCC1143,HCC1143,HCC1143,HCC1143,,HCC1143,HCC1143,HCC1143,HCC1143,HCC1143,breast,breast,
HCC1187,HCC1187,HCC1187,,,HCC1187,HCC1187,HCC1187,HCC1187,HCC1187,breast,breast,
HCC1395,HCC1395,HCC1395,HCC1395,,HCC1395,HCC1395,HCC1395,HCC1395,HCC1395,breast,breast,
HCC1419,HCC1419,HCC1419,,,HCC1419,HCC1419,HCC1419,HCC1419,HCC1419,breast,breast,
HCC1569,HCC1569,HCC1569,,,,HCC1569,HCC1569,HCC1569,HCC1569,breast,breast,
HCC1599,HCC1599,HCC1599,HCC1599,,HCC1599,HCC1599,HCC1599,HCC1599,HCC1599,breast,breast,
HCC1806,HCC1806,HCC1806,,,HCC1806,HCC1806,HCC1806,HCC1806,HCC1806,breast,breast,
HCC1937,HCC1937,HCC1937,HCC1937,,HCC1937,HCC1937,HCC1937,HCC1937,HCC1937,breast,breast,
HCC1954,HCC1954,HCC1954,HCC1954,,HCC1954,HCC1954,HCC1954,HCC1954,HCC1954,breast,breast,
HCC2157,HCC2157,HCC2157,HCC2157,,,,HCC2157,HCC2157,HCC2157,breast,breast,
HCC2218,HCC2218,HCC2218,HCC2218,,HCC2218,HCC2218,HCC2218,HCC2218,HCC2218,breast,breast,
HCC2998,HCC2998,,HCC2998,CO:HCC_2998,,,HCC2998,,HCC2998,large_intestine,large_intestine,
HCC38,HCC38,HCC38,HCC38,,HCC38,HCC38,HCC38,HCC38,HCC38,breast,breast,
HCC70,HCC70,HCC70,HCC70,,HCC70,HCC70,HCC70,HCC70,HCC70,breast,breast,
HCE-4,HCE-4,,,,,,,,HCE-4,oesophagus,oesophagus,
HCE-T,HCE-T,,,,,,,,HCE-T,upper_aerodigestive_tract,upper_aerodigestive_tract,
HCT-116,HCT-116,HCT 116,HCT116,CO:HCT_116,,,,,,large_intestine,large_intestine,
HCT-15,HCT-15,HCT-15,HCT15,CO:HCT_15,,,,HCT-15,HCT-15,large_intestine,large_intestine,
HD-MY-Z,HD-MY-Z,HD-MY-Z,HDMYZ,,,,,,HD-MY-Z,haematopoietic_and_lymphoid_tissue,haematopoietic_and_lymphoid_tissue,
HDLM-2,HDLM-2,HDLM-2,,,,,,,HDLM-2,haematopoietic_and_lymphoid_tissue,haematopoietic_and_lymphoid_tissue,
HEC-1,HEC-1,HEC-1-B,,,,,,,HEC-1,endometrium,endometrium,
HEL,HEL,HEL,,,,,,HEL,HEL,haematopoietic_and_lymphoid_tissue,haematopoietic_and_lymphoid_tissue,
HeLaSF,HeLaSF,,,,,,,,,cervix,cervix,
HGC-27,HGC-27,HGC-27,,,,,,HGC-27,HGC-27,stomach,stomach,
HH,HH,HH,HH,,,,,,HH,haematopoietic_and_lymphoid_tissue,haematopoietic_and_lymphoid_tissue,
HL-60,HL-60,HL-60,HL60,LE:HL_60,,,,HL-60,HL-60,haematopoietic_and_lymphoid_tissue,haematopoietic_and_lymphoid_tissue,
HLE,HLE,HLE,,,,,,,HLE,liver,liver,
HMV-II,HMV-II,,,,,,,,,skin,skin,
HN,HN,HN,,,,,,HN,HN,upper_aerodigestive_tract,upper_aerodigestive_tract,
HO-1-N-1,HO-1-N-1,,,,,,,,HO-1-N-1,upper_aerodigestive_tract,upper_aerodigestive_tract,
HOP-62,HOP-62,,HOP62,LC:HOP_62,,,,HOP-62,HOP-62,lung,lung,
HOP-92,HOP-92,,HOP92,LC:HOP_92,,,,HOP-92,,lung,lung,
HOS,HOS,HOS,HOS,,,,,,HOS,bone,bone,
HPAF-II,HPAF-II,HPAF-II,HPAFII,,,,,HPAF-II,HPAF-II,pancreas,pancreas,
Hs-578-T,Hs-578-T,Hs 578T,,BR:HS578T,HS578T,,,,,breast,breast,
HSC-2,HSC-2,HSC-2,,,,,,,HSC-2,upper_aerodigestive_tract,upper_aerodigestive_tract,
HSC-3,HSC-3,HSC-3,,,,,,,HSC-3,upper_aerodigestive_tract,upper_aerodigestive_tract,
HSC-4,HSC-4,HSC-4,,,,,,,HSC-4,upper_aerodigestive_tract,upper_aerodigestive_tract,
HT,HT,HT,HT,,,,,HT,HT,haematopoietic_and_lymphoid_tissue,haematopoietic_and_lymphoid_tissue,
HT-1080,HT-1080,HT-1080,HT1080,,,,,HT-1080,,soft_tissue,soft_tissue,
HT-1197,HT-1197,HT-1197,HT1197,,,,,,HT-1197,urinary_tract,urinary_tract,
HT-1376,HT-1376,HT-1376,HT1376,,,,,,,urinary_tract,urinary_tract,
HT-144,HT-144,HT-144,,,,,,HT-144,HT-144,skin,skin,
HT-29,HT-29,HT-29,,CO:HT29,,,,HT-29,HT-29,large_intestine,large_intestine,
HT-3,HT-3,,HT3,,,,,,HT-3,cervix,cervix,
HT55,HT55,HT55,,,,,,,HT55,large_intestine,large_intestine,
HTC-C3,HTC-C3,,,,,,,,HTC-C3,thyroid,thyroid,
HuCCT1,HuCCT1,HuCCT1,,,,,,,HuCCT1,biliary_tract,biliary_tract,
HuH-28,HuH-28,HuH28,,,,,,,,biliary_tract,biliary_tract,
HUH-6-clone5,HUH-6-clone5,HuH-6,,,,,,,,liver,liver,
HuH-7,HuH-7,HuH-7,,,,,,HuH-7,,liver,liver,
HuNS1,HuNS1,HuNS1,HUNS1,,,,,,,haematopoietic_and_lymphoid_tissue,haematopoietic_and_lymphoid_tissue,
HuO-3N1,HuO-3N1,,,,,,,,HuO-3N1,bone,bone,
HuO9,HuO9,,,,,,,,HuO9,bone,bone,
HuP-T3,HuP-T3,HUP-T3,,,,,,,,pancreas,pancreas,
HuP-T4,HuP-T4,HUP-T4,HUPT4,,,,,,,pancreas,pancreas,
HUTU-80,HUTU-80,HuTu 80,,,,,,,HUTU-80,small_intestine,small_intestine,
IA-LM,IA-LM,IA-LM,,,,,,,IA-LM,lung,lung,
IGR-1,IGR-1,IGR-1,,,,,,,IGR-1,skin,skin,
IGROV-1,IGROV-1,IGROV1,,OV:IGROV1,,,,IGROV-1,,ovary,ovary,
IM-9,IM-9,,,,,,,,IM-9,haematopoietic_and_lymphoid_tissue,haematopoietic_and_lymphoid_tissue,
IMR-5,IMR-5,,,,,,,,IMR-5,autonomic_ganglia,autonomic_ganglia,
IPC-298,IPC-298,IPC-298,,,,,,IPC-298,IPC-298,skin,skin,
IST-MEL1,IST-MEL1,,,,,,,,IST-MEL1,skin,skin,
IST-MES1,IST-MES1,IST-MES1,,,,,,,IST-MES1,pleura,pleura,
IST-SL1,IST-SL1,,,,,,,,IST-SL1,lung,lung,
IST-SL2,IST-SL2,,,,,,,,IST-SL2,lung,lung,
ITO-II,ITO-II,,,,,,,,,testis,testis,
J-RT3-T3-5,J-RT3-T3-5,,JRT3T35,,,,,,,haematopoietic_and_lymphoid_tissue,haematopoietic_and_lymphoid_tissue,
J82,J82,J82,J82,,,,,,J82,urinary_tract,urinary_tract,
JAR,JAR,,JAR,,,,,,JAR,testis,testis,
JEG-3,JEG-3,,JEG3,,,,,,JEG-3,placenta,placenta,
JiyoyeP-2003,JiyoyeP-2003,,JIYOYE,,,,,,,haematopoietic_and_lymphoid_tissue,haematopoietic_and_lymphoid_tissue,
JVM-2,JVM-2,JVM-2,,,,,,,JVM-2,haematopoietic_and_lymphoid_tissue,haematopoietic_and_lymphoid_tissue,
JVM-3,JVM-3,JVM-3,JVM3,,,,,,JVM-3,haematopoietic_and_lymphoid_tissue,haematopoietic_and_lymphoid_tissue,
K-562,K-562,K-562,K562,LE:K_562,,,,K-562,K-562,haematopoietic_and_lymphoid_tissue,haematopoietic_and_lymphoid_tissue,
K052,K052,KO52,,,,,,,,haematopoietic_and_lymphoid_tissue,haematopoietic_and_lymphoid_tissue,
K5,K5,,,,,,,,K5,thyroid,thyroid,
KALS-1,KALS-1,KALS-1,,,,,,,KALS-1,central_nervous_system,central_nervous_system,
KARPAS-299,KARPAS-299,KARPAS-299,,,,,,,KARPAS-299,haematopoietic_and_lymphoid_tissue,haematopoietic_and_lymphoid_tissue,
KARPAS-422,KARPAS-422,KARPAS-422,,,,,,KARPAS-422,KARPAS-422,haematopoietic_and_lymphoid_tissue,haematopoietic_and_lymphoid_tissue,
KARPAS-45,KARPAS-45,,,,,,,,KARPAS-45,haematopoietic_and_lymphoid_tissue,haematopoietic_and_lymphoid_tissue,
KASUMI-1,KASUMI-1,KASUMI-1,,,,,,,,haematopoietic_and_lymphoid_tissue,haematopoietic_and_lymphoid_tissue,
KATOIII,KATOIII,KATO III,KATOIII,,,,KATOIII,,,stomach,stomach,
KE-37,KE-37,KE-37,,,,,,,KE-37,haematopoietic_and_lymphoid_tissue,haematopoietic_and_lymphoid_tissue,
KG-1,KG-1,KG-1,KG1,,,,,KG-1,KG-1,haematopoietic_and_lymphoid_tissue,haematopoietic_and_lymphoid_tissue,
KGN,KGN,,,,,,,,KGN,ovary,ovary,
KINGS-1,KINGS-1,,,,,,,,KINGS-1,central_nervous_system,central_nervous_system,
KLE,KLE,KLE,KLE,,,,KLE,KLE,KLE,endometrium,endometrium,
KM-H2,KM-H2,KM-H2,,,,,,,KM-H2,haematopoietic_and_lymphoid_tissue,haematopoietic_and_lymphoid_tissue,
KM12,KM12,KM12,KM12,CO:KM12,,,KM12,,KM12,large_intestine,large_intestine,
KMOE-2,KMOE-2,,,,,,,,KMOE-2,haematopoietic_and_lymphoid_tissue,haematopoietic_and_lymphoid_tissue,
KMS-12-BM,KMS-12-BM,KMS-12-BM,,,,,,KMS-12-BM,KMS-12-BM,,haematopoietic_and_lymphoid_tissue,
KMS-12-PE,KMS-12-PE,,,,,,,KMS-12-PE,KMS-12-PE,haematopoietic_and_lymphoid_tissue,haematopoietic_and_lymphoid_tissue,
KNS-42,KNS-42,KNS-42,,,,,,,KNS-42,central_nervous_system,central_nervous_system,
KNS-62,KNS-62,KNS-62,,,,,,KNS-62,,lung,lung,
KNS-81-FD,KNS-81-FD,KNS-81,,,,,,,KNS-81-FD,central_nervous_system,central_nervous_system,
KOSC-2,KOSC-2,,,,,,,,,upper_aerodigestive_tract,upper_aerodigestive_tract,
KP-4,KP-4,KP4,,,,,,,KP-4,pancreas,pancreas,
KP-N-RT-BM-1,KP-N-RT-BM-1,KP-N-RT-BM-1,,,,,,,,autonomic_ganglia,autonomic_ganglia,
KP-N-S19s,KP-N-S19s,KP-N-SI9s,,,,,,,,autonomic_ganglia,autonomic_ganglia,
KP-N-YN,KP-N-YN,KP-N-YN,,,,,,,KP-N-YN,autonomic_ganglia,autonomic_ganglia,
KP-N-YS,KP-N-YS,,,,,,,,KP-N-YS,autonomic_ganglia,autonomic_ganglia,
KS-1,KS-1,KS-1,,,,,,,KS-1,central_nervous_system,central_nervous_system,
KU-19-19,KU-19-19,KU-19-19,,,,,,,KU-19-19,urinary_tract,urinary_tract,
KU812,KU812,KU812,KU812,,,,,KU812,KU812,haematopoietic_and_lymphoid_tissue,haematopoietic_and_lymphoid_tissue,
KURAMOCHI,KURAMOCHI,KURAMOCHI,,,,,,KURAMOCHI,KURAMOCHI,ovary,ovary,
KY821,KY821,,,,,,,,KY821,haematopoietic_and_lymphoid_tissue,haematopoietic_and_lymphoid_tissue,
KYSE-140,KYSE-140,KYSE-140,,,,,,KYSE-140,KYSE-140,oesophagus,oesophagus,
KYSE-150,KYSE-150,KYSE-150,,,,,,KYSE-150,KYSE-150,oesophagus,oesophagus,
KYSE-180,KYSE-180,KYSE-180,,,,,,KYSE-180,KYSE-180,oesophagus,oesophagus,
KYSE-270,KYSE-270,KYSE-270,,,,,,KYSE-270,KYSE-270,oesophagus,oesophagus,
KYSE-410,KYSE-410,KYSE-410,,,,,,,KYSE-410,oesophagus,oesophagus,
KYSE-450,KYSE-450,KYSE-450,,,,,,KYSE-450,KYSE-450,oesophagus,oesophagus,
KYSE-510,KYSE-510,KYSE-510,,,,,,KYSE-510,KYSE-510,oesophagus,oesophagus,
KYSE-520,KYSE-520,KYSE-520,,,,,,KYSE-520,KYSE-520,oesophagus,oesophagus,
KYSE-70,KYSE-70,KYSE-70,,,,,,KYSE-70,KYSE-70,oesophagus,oesophagus,
L-363,L-363,L-363,,,,,,L-363,L-363,haematopoietic_and_lymphoid_tissue,haematopoietic_and_lymphoid_tissue,
L-428,L-428,L-428,L428,,,,,,L-428,haematopoietic_and_lymphoid_tissue,haematopoietic_and_lymphoid_tissue,
L-540,L-540,L-540,,,,,,,L-540,haematopoietic_and_lymphoid_tissue,haematopoietic_and_lymphoid_tissue,
LAMA-84,LAMA-84,LAMA-84,,,,,,,LAMA-84,haematopoietic_and_lymphoid_tissue,haematopoietic_and_lymphoid_tissue,
LAN-1,LAN-1,,,,,,,,,autonomic_ganglia,autonomic_ganglia,
LAN-5,LAN-5,,,,,,,,LAN-5,autonomic_ganglia,autonomic_ganglia,
LAN-6,LAN-6,,,,,,,,LAN-6,autonomic_ganglia,autonomic_ganglia,
LB1047-RCC,LB1047-RCC,,,,,,,,LB1047-RCC,kidney,kidney,
LB2241-RCC,LB2241-RCC,,,,,,,,LB2241-RCC,kidney,kidney,
LB2518-MEL,LB2518-MEL,,,,,,,,LB2518-MEL,skin,skin,
LB373-MEL-D,LB373-MEL-D,,,,,,,,LB373-MEL-D,skin,skin,
LB647-SCLC,LB647-SCLC,,,,,,,,LB647-SCLC,lung,lung,
LB771-HNC,LB771-HNC,,,,,,,,LB771-HNC,upper_aerodigestive_tract,upper_aerodigestive_tract,
LB831-BLC,LB831-BLC,,,,,,,,LB831-BLC,urinary_tract,urinary_tract,
LB996-RCC,LB996-RCC,,,,,,,,LB996-RCC,kidney,kidney,
LC-1F,LC-1F,LC-1F,,,,,,,LC-1F,lung,lung,
LC-2-ad,LC-2-ad,,,,,,,,LC-2-ad,lung,lung,
LC4-1,LC4-1,,,,,,,,LC4-1,haematopoietic_and_lymphoid_tissue,haematopoietic_and_lymphoid_tissue,
LCLC-103H,LCLC-103H,LCLC-103H,,,,,,LCLC-103H,LCLC-103H,lung,lung,
LCLC-97TM1,LCLC-97TM1,LCLC-97TM1,,,,,,LCLC-97TM1,LCLC-97TM1,lung,lung,
LK-2,LK-2,LK-2,,,,,,,LK-2,lung,lung,
LN-405,LN-405,,,,,,,,LN-405,central_nervous_system,central_nervous_system,
LNCaP-Clone-FGC,LNCaP-Clone-FGC,LNCaP clone FGC,LNCAP,,,,,,,prostate,prostate,
LOUCY,LOUCY,Loucy,,,,,,,,haematopoietic_and_lymphoid_tissue,haematopoietic_and_lymphoid_tissue,
LoVo,LoVo,LoVo,,,,,,LoVo,LoVo,large_intestine,large_intestine,
LOXIMVI,LOXIMVI,LOX IMVI,LOXIMVI,ME:LOXIMVI,,,LOXIMVI,,LOXIMVI,haematopoietic_and_lymphoid_tissue,haematopoietic_and_lymphoid_tissue,
LP-1,LP-1,LP-1,,,,,,LP-1,LP-1,haematopoietic_and_lymphoid_tissue,haematopoietic_and_lymphoid_tissue,
LS-1034,LS-1034,LS1034,,,,,,,LS-1034,large_intestine,large_intestine,
LS-123,LS-123,LS123,,,,,,,LS-123,large_intestine,large_intestine,
LS-174T,LS-174T,,LS174T,,,,,,,large_intestine,large_intestine,
LS-411N,LS-411N,LS411N,,,,,,,LS-411N,large_intestine,large_intestine,
LS-513,LS-513,LS513,,,,,,,LS-513,large_intestine,large_intestine,
LU-134-A,LU-134-A,,,,,,,,LU-134-A,lung,lung,
LU-135,LU-135,,,,,,,,,lung,lung,
LU-139,LU-139,,,,,,,,LU-139,lung,lung,
LU-165,LU-165,,,,,,,,LU-165,lung,lung,
LU-65,LU-65,LU65,,,,,,,,lung,lung,
LU-99A,LU-99A,LU99,,,,,,,,lung,lung,
LXF-289,LXF-289,LXF-289,,,,,,LXF-289,LXF-289,lung,lung,
M059J,M059J,M059J,,,,,,M059J,M059J,central_nervous_system,central_nervous_system,
M14,M14,,M14,ME:M14,,,M14,,,haematopoietic_and_lymphoid_tissue,haematopoietic_and_lymphoid_tissue,
Malme-3M,Malme-3M,Malme-3M,MALME3M,ME:MALME_3M,,,,,,haematopoietic_and_lymphoid_tissue,haematopoietic_and_lymphoid_tissue,
MC-1010,MC-1010,,,,,,,,,haematopoietic_and_lymphoid_tissue,haematopoietic_and_lymphoid_tissue,
MC-CAR,MC-CAR,,MCCAR,,,,,,,haematopoietic_and_lymphoid_tissue,haematopoietic_and_lymphoid_tissue,
MC-IXC,MC-IXC,,MCIXC,,,,,,MC-IXC,autonomic_ganglia,autonomic_ganglia,
MC116,MC116,MC116,MC116,,,,,MC116,MC116,haematopoietic_and_lymphoid_tissue,haematopoietic_and_lymphoid_tissue,
MCF7,MCF7,MCF7,MCF7,BR:MCF7,MCF7,MCF7,MCF7,,MCF7,breast,breast,
MDA-MB-134-VI,MDA-MB-134-VI,MDA-MB-134-VI,,,MDAMB134VI,,,MDA-MB-134-VI,MDA-MB-134-VI,breast,breast,
MDA-MB-157,MDA-MB-157,MDA-MB-157,,,MDAMB157,,,MDA-MB-157,MDA-MB-157,breast,breast,
MDA-MB-175-VII,MDA-MB-175-VII,MDA-MB-175-VII,MDAMB175VII,,MDAMB175VII,,,MDA-MB-175-VII,MDA-MB-175-VII,breast,breast,
MDA-MB-231,MDA-MB-231,MDA-MB-231,MDAMB231,BR:MDA_MB_231,MDAMB231,,,MDA-MB-231,MDA-MB-231,breast,breast,
MDA-MB-361,MDA-MB-361,MDA-MB-361,,,MDAMB361,,,MDA-MB-361,MDA-MB-361,breast,breast,
MDA-MB-415,MDA-MB-415,MDA-MB-415,,,MDAMB415,,,MDA-MB-415,MDA-MB-415,breast,breast,
MDA-MB-435,MDA-MB-435,MDA-MB-435S,MDAMB435,ME:MDA_MB_435,,,,MDA-MB-435,,haematopoietic_and_lymphoid_tissue,haematopoietic_and_lymphoid_tissue,
MDA-MB-453,MDA-MB-453,MDA-MB-453,MDAMB453,,MDAMB453,,,MDA-MB-453,MDA-MB-453,breast,breast,
MDA-MB-468,MDA-MB-468,MDA-MB-468,MDAMB468,,MDAMB468,,,MDA-MB-468,MDA-MB-468,haematopoietic_and_lymphoid_tissue,haematopoietic_and_lymphoid_tissue,
ME-180,ME-180,,,,,,,ME-180,ME-180,cervix,cervix,
MEG-01,MEG-01,MEG-01,MEG01,,,,,,MEG-01,haematopoietic_and_lymphoid_tissue,haematopoietic_and_lymphoid_tissue,
MEL-HO,MEL-HO,MEL-HO,,,,,,MEL-HO,MEL-HO,skin,skin,
MEL-JUSO,MEL-JUSO,MEL-JUSO,,,,,,,MEL-JUSO,skin,skin,
MES-SA,MES-SA,MES-SA,MESSA,,,,,,MES-SA,endometrium,endometrium,
Mewo,Mewo,MeWo,,,,,,,,skin,skin,
MFE-280,MFE-280,MFE-280,,,,,,,MFE-280,endometrium,endometrium,
MFE-296,MFE-296,MFE-296,,,,,,,MFE-296,endometrium,endometrium,
MFH-ino,MFH-ino,,,,,,,,MFH-ino,soft_tissue,soft_tissue,
MFM-223,MFM-223,,,,,,,MFM-223,MFM-223,breast,breast,
MG-63,MG-63,MG-63,MG63,,,,,MG-63,MG-63,bone,bone,
MHH-CALL-2,MHH-CALL-2,MHH-CALL-2,,,,,,,MHH-CALL-2,haematopoietic_and_lymphoid_tissue,haematopoietic_and_lymphoid_tissue,
MHH-CALL-4,MHH-CALL-4,MHH-CALL-4,,,,,,,,haematopoietic_and_lymphoid_tissue,haematopoietic_and_lymphoid_tissue,
MHH-ES-1,MHH-ES-1,MHH-ES-1,,,,,,MHH-ES-1,MHH-ES-1,bone,bone,
MHH-NB-11,MHH-NB-11,MHH-NB-11,,,,,,MHH-NB-11,MHH-NB-11,autonomic_ganglia,autonomic_ganglia,
MHH-PREB-1,MHH-PREB-1,,MHHPREB1,,,,,MHH-PREB-1,MHH-PREB-1,haematopoietic_and_lymphoid_tissue,haematopoietic_and_lymphoid_tissue,
MIA-PaCa-2,MIA-PaCa-2,MIA PaCa-2,MIAPACA2,,,,,,,pancreas,pancreas,
MJ,MJ,MJ,MJ,,,,,,MJ,haematopoietic_and_lymphoid_tissue,haematopoietic_and_lymphoid_tissue,
MKN1,MKN1,MKN1,,,,,MKN1,,MKN1,stomach,stomach,
MKN28,MKN28,,,,,,,,MKN28,stomach,stomach,
MKN45,MKN45,MKN-45,,,,,MKN45,,MKN45,stomach,stomach,
MKN7,MKN7,MKN7,,,,,MKN7,,MKN7,stomach,stomach,
ML-2,ML-2,,ML2,,,,,ML-2,ML-2,haematopoietic_and_lymphoid_tissue,haematopoietic_and_lymphoid_tissue,
MLMA,MLMA,,,,,,,,MLMA,haematopoietic_and_lymphoid_tissue,haematopoietic_and_lymphoid_tissue,
MMAC-SF,MMAC-SF,,,,,,,,MMAC-SF,skin,skin,
MN-60,MN-60,,,,,,,,MN-60,haematopoietic_and_lymphoid_tissue,haematopoietic_and_lymphoid_tissue,
Mo-T,Mo-T,,,,,,,,Mo-T,haematopoietic_and_lymphoid_tissue,haematopoietic_and_lymphoid_tissue,
MOG-G-CCM,MOG-G-CCM,MOG-G-CCM,,,,,,,MOG-G-CCM,central_nervous_system,central_nervous_system,
MOG-G-UVW,MOG-G-UVW,MOG-G-UVW,,,,,,,MOG-G-UVW,central_nervous_system,central_nervous_system,
MOLT-13,MOLT-13,MOLT-13,,,,,,,,haematopoietic_and_lymphoid_tissue,haematopoietic_and_lymphoid_tissue,
MOLT-16,MOLT-16,MOLT-16,MOLT16,,,,,,MOLT-16,haematopoietic_and_lymphoid_tissue,haematopoietic_and_lymphoid_tissue,
MOLT-4,MOLT-4,MOLT-4,MOLT4,LE:MOLT_4,,,,,MOLT-4,haematopoietic_and_lymphoid_tissue,haematopoietic_and_lymphoid_tissue,
MONO-MAC-6,MONO-MAC-6,MONO-MAC-6,,,,,,,MONO-MAC-6,haematopoietic_and_lymphoid_tissue,haematopoietic_and_lymphoid_tissue,
MPP-89,MPP-89,MPP 89,,,,,,,MPP-89,pleura,pleura,
MRK-nu-1,MRK-nu-1,,,,,,,,MRK-nu-1,breast,breast,
MS-1,MS-1,,,,,,,,,lung,lung,
MSTO-211H,MSTO-211H,MSTO-211H,,,,,,,MSTO-211H,pleura,pleura,
MUTZ-1,MUTZ-1,,,,,,,,MUTZ-1,haematopoietic_and_lymphoid_tissue,haematopoietic_and_lymphoid_tissue,
MV-4-11,MV-4-11,MV-4-11,MV411,,,,,MV-4-11,MV-4-11,haematopoietic_and_lymphoid_tissue,haematopoietic_and_lymphoid_tissue,
MZ1-PC,MZ1-PC,,,,,,,,MZ1-PC,pancreas,pancreas,
MZ2-MEL,MZ2-MEL,,,,,,,,MZ2-MEL,skin,skin,
MZ7-mel,MZ7-mel,,,,,,,,MZ7-mel,skin,skin,
NALM-1,NALM-1,NALM-1,NALM1,,,,,,,haematopoietic_and_lymphoid_tissue,haematopoietic_and_lymphoid_tissue,
NALM-6,NALM-6,NALM-6,NALM6,,,,,NALM-6,NALM-6,haematopoietic_and_lymphoid_tissue,haematopoietic_and_lymphoid_tissue,
NB1,NB1,NB-1,,,,,,,,autonomic_ganglia,autonomic_ganglia,
NB10,NB10,,,,,,,,NB10,autonomic_ganglia,autonomic_ganglia,
NB12,NB12,,,,,,,,NB12,autonomic_ganglia,autonomic_ganglia,
NB13,NB13,,,,,,,,NB13,autonomic_ganglia,autonomic_ganglia,
NB14,NB14,,,,,,,,NB14,autonomic_ganglia,autonomic_ganglia,
NB16,NB16,,,,,,,,NB16,autonomic_ganglia,autonomic_ganglia,
NB17,NB17,,,,,,,,NB17,autonomic_ganglia,autonomic_ganglia,
NB19,NB19,,,,,,,,,autonomic_ganglia,autonomic_ganglia,
NB4,NB4,NB-4,,,,,,,,haematopoietic_and_lymphoid_tissue,haematopoietic_and_lymphoid_tissue,
NB5,NB5,,,,,,,,NB5,autonomic_ganglia,autonomic_ganglia,
NB6,NB6,,,,,,,,NB6,autonomic_ganglia,autonomic_ganglia,
NB69,NB69,,,,,,,,NB69,autonomic_ganglia,autonomic_ganglia,
NB7,NB7,,,,,,,,NB7,autonomic_ganglia,autonomic_ganglia,
NBsusSR,NBsusSR,,,,,,,,NBsusSR,autonomic_ganglia,autonomic_ganglia,
NCCIT,NCCIT,,,,,,,,,testis,testis,
NCI-ADR-RES,NCI-ADR-RES,,,OV:NCI_ADR_RES,,,,,,ovary,ovary,
NCI-H1048,NCI-H1048,NCI-H1048,NCIH1048,,,,,NCI-H1048,NCI-H1048,lung,lung,
NCI-H1092,NCI-H1092,NCI-H1092,NCIH1092,,,,,NCI-H1092,NCI-H1092,lung,lung,
NCI-H1105,NCI-H1105,NCI-H1105,,,,,,,,lung,lung,
NCI-H1155,NCI-H1155,NCI-H1155,NCIH1155,,,,,NCI-H1155,NCI-H1155,lung,lung,
NCI-H128,NCI-H128,,,,,,,,,lung,lung,
NCI-H1299,NCI-H1299,NCI-H1299,NCIH1299,,,,,NCI-H1299,NCI-H1299,lung,lung,
NCI-H1304,NCI-H1304,,,,,,,,NCI-H1304,lung,lung,
NCI-H1355,NCI-H1355,NCI-H1355,NCIH1355,,,,,NCI-H1355,NCI-H1355,lung,lung,
NCI-H1395,NCI-H1395,NCI-H1395,NCIH1395,,,,,NCI-H1395,NCI-H1395,lung,lung,
NCI-H1417,NCI-H1417,,,,,,,,NCI-H1417,lung,lung,
NCI-H1436,NCI-H1436,NCI-H1436,NCIH1436,,,,,,NCI-H1436,lung,lung,
NCI-H1437,NCI-H1437,NCI-H1437,NCIH1437,,,,,NCI-H1437,NCI-H1437,lung,lung,
NCI-H146,NCI-H146,NCI-H146,NCIH146,,,,,NCI-H146,,lung,lung,
NCI-H1522,NCI-H1522,,,,,,,,NCI-H1522,lung,lung,
NCI-H1563,NCI-H1563,NCI-H1563,NCIH1563,,,,,,NCI-H1563,lung,lung,
NCI-H157,NCI-H157,,,,,,,,NCI-H157,lung,lung,
NCI-H1573,NCI-H1573,NCI-H1573,NCIH1573,,,,,NCI-H1573,NCI-H1573,lung,lung,
NCI-H1581,NCI-H1581,NCI-H1581,NCIH1581,,,,,NCI-H1581,NCI-H1581,lung,lung,
NCI-H1618,NCI-H1618,NCI-H1618,NCIH1618,,,,,,NCI-H1618,lung,lung,
NCI-H1623,NCI-H1623,NCI-H1623,NCIH1623,,,,,NCI-H1623,NCI-H1623,lung,lung,
NCI-H1648,NCI-H1648,NCI-H1648,,,,,,NCI-H1648,NCI-H1648,lung,lung,
NCI-H1650,NCI-H1650,NCI-H1650,NCIH1650,,,,,NCI-H1650,NCI-H1650,lung,lung,
NCI-H1651,NCI-H1651,NCI-H1651,NCIH1651,,,,,NCI-H1651,NCI-H1651,lung,lung,
NCI-H1666,NCI-H1666,NCI-H1666,NCIH1666,,,,,NCI-H1666,NCI-H1666,lung,lung,
NCI-H1693,NCI-H1693,NCI-H1693,,,,,,NCI-H1693,NCI-H1693,lung,lung,
NCI-H1694,NCI-H1694,NCI-H1694,NCIH1694,,,,,,NCI-H1694,lung,lung,
NCI-H1703,NCI-H1703,NCI-H1703,NCIH1703,,,,,NCI-H1703,NCI-H1703,lung,lung,
NCI-H1734,NCI-H1734,NCI-H1734,,,,,,NCI-H1734,NCI-H1734,lung,lung,
NCI-H1755,NCI-H1755,NCI-H1755,,,,,,,NCI-H1755,lung,lung,
NCI-H1770,NCI-H1770,,NCIH1770,,,,,NCI-H1770,NCI-H1770,lung,lung,
NCI-H1792,NCI-H1792,NCI-H1792,NCIH1792,,,,,NCI-H1792,NCI-H1792,lung,lung,
NCI-H1793,NCI-H1793,NCI-H1793,NCIH1793,,,,,NCI-H1793,NCI-H1793,lung,lung,
NCI-H1838,NCI-H1838,NCI-H1838,NCIH1838,,,,,NCI-H1838,NCI-H1838,lung,lung,
NCI-H187,NCI-H187,,NCIH187,,,,,NCI-H187,NCI-H187,lung,lung,
NCI-H1930,NCI-H1930,NCI-H1930,NCIH1930,,,,,NCI-H1930,,lung,lung,
NCI-H1963,NCI-H1963,NCI-H1963,,,,,,,NCI-H1963,lung,lung,
NCI-H1975,NCI-H1975,NCI-H1975,NCIH1975,,,,,NCI-H1975,NCI-H1975,lung,lung,
NCI-H1993,NCI-H1993,,NCIH1993,,,,,,NCI-H1993,lung,lung,
NCI-H2009,NCI-H2009,NCI-H2009,NCIH2009,,,,,NCI-H2009,NCI-H2009,lung,lung,
NCI-H2029,NCI-H2029,NCI-H2029,,,,,,,NCI-H2029,lung,lung,
NCI-H2030,NCI-H2030,NCI-H2030,NCIH2030,,,,,NCI-H2030,NCI-H2030,lung,lung,
NCI-H2052,NCI-H2052,NCI-H2052,NCIH2052,,,,,NCI-H2052,,pleura,pleura,
NCI-H2081,NCI-H2081,NCI-H2081,NCIH2081,,,,,NCI-H2081,NCI-H2081,lung,lung,
NCI-H2087,NCI-H2087,NCI-H2087,NCIH2087,,,,,,NCI-H2087,lung,lung,
NCI-H209,NCI-H209,NCI-H209,NCIH209,,,,,NCI-H209,NCI-H209,lung,lung,
NCI-H2107,NCI-H2107,,NCIH2107,,,,,,,lung,lung,
NCI-H2122,NCI-H2122,NCI-H2122,NCIH2122,,,,,NCI-H2122,NCI-H2122,lung,lung,
NCI-H2126,NCI-H2126,NCI-H2126,NCIH2126,,,,,NCI-H2126,NCI-H2126,lung,lung,
NCI-H2141,NCI-H2141,NCI-H2141,,,,,,,NCI-H2141,lung,lung,
NCI-H2170,NCI-H2170,NCI-H2170,NCIH2170,,,,,NCI-H2170,NCI-H2170,lung,lung,
NCI-H2171,NCI-H2171,NCI-H2171,NCIH2171,,,,,NCI-H2171,NCI-H2171,lung,lung,
NCI-H2196,NCI-H2196,NCI-H2196,NCIH2195,,,,,NCI-H2196,NCI-H2196,lung,lung,
NCI-H2227,NCI-H2227,NCI-H2227,,,,,,,NCI-H2227,lung,lung,
NCI-H2228,NCI-H2228,NCI-H2228,NCIH2228,,,,,NCI-H2228,NCI-H2228,lung,lung,
NCI-H226,NCI-H226,NCI-H226,NCIH226,LC:NCI_H226,,,,NCI-H226,NCI-H226,lung,lung,
NCI-H2291,NCI-H2291,NCI-H2291,,,,,,,NCI-H2291,lung,lung,
NCI-H23,NCI-H23,NCI-H23,NCIH23,LC:NCI_H23,,,,NCI-H23,NCI-H23,lung,lung,
NCI-H2330,NCI-H2330,,,,,,,,,lung,lung,
NCI-H2342,NCI-H2342,NCI-H2342,,,,,,,NCI-H2342,lung,lung,
NCI-H2347,NCI-H2347,NCI-H2347,NCIH2347,,,,,NCI-H2347,NCI-H2347,lung,lung,
NCI-H2405,NCI-H2405,NCI-H2405,NCIH2405,,,,,,NCI-H2405,lung,lung,
NCI-H2452,NCI-H2452,NCI-H2452,,,,,,NCI-H2452,NCI-H2452,pleura,pleura,
NCI-H250,NCI-H250,,,,,,,,,lung,lung,
NCI-H28,NCI-H28,NCI-H28,,,,,,NCI-H28,,pleura,pleura,
NCI-H292,NCI-H292,NCI-H292,NCIH292,,,,,NCI-H292,,lung,lung,
NCI-H295,NCI-H295,,NCIH295R,,,,,,,adrenal_gland,adrenal_gland,
NCI-H322M,NCI-H322M,,,,,,,,NCI-H322M,lung,lung,
NCI-H345,NCI-H345,,,,,,,NCI-H345,NCI-H345,lung,lung,
NCI-H358,NCI-H358,NCI-H358,NCIH358,,,,,NCI-H358,NCI-H358,lung,lung,
NCI-H378,NCI-H378,,,,,,,,,lung,lung,
NCI-H441,NCI-H441,NCI-H441,NCIH441,,,,,NCI-H441,NCI-H441,lung,lung,
NCI-H446,NCI-H446,NCI-H446,NCIH446,,,,,NCI-H446,NCI-H446,lung,lung,
NCI-H460,NCI-H460,NCI-H460,NCIH460,LC:NCI_H460,,,,NCI-H460,NCI-H460,lung,lung,
NCI-H508,NCI-H508,NCI-H508,NCIH508,,,,,,,large_intestine,large_intestine,
NCI-H510A,NCI-H510A,NCI-H510,,,,,,NCI-H510A,NCI-H510A,lung,lung,
NCI-H520,NCI-H520,NCI-H520,NCIH520,,,,,NCI-H520,NCI-H520,lung,lung,
NCI-H522,NCI-H522,NCI-H522,NCIH522,LC:NCI_H522,,,,NCI-H522,NCI-H522,lung,lung,
NCI-H524,NCI-H524,NCI-H524,NCIH524,,,,,,NCI-H524,lung,lung,
NCI-H526,NCI-H526,NCI-H526,NCIH526,,,,,,NCI-H526,lung,lung,
NCI-H596,NCI-H596,NCI-H596,NCIH596,,,,,NCI-H596,NCI-H596,lung,lung,
NCI-H630,NCI-H630,,NCIH630,,,,,,NCI-H630,large_intestine,large_intestine,
NCI-H64,NCI-H64,,,,,,,,NCI-H64,lung,lung,
NCI-H650,NCI-H650,NCI-H650,NCIH650,,,,,NCI-H650,NCI-H650,lung,lung,
NCI-H661,NCI-H661,NCI-H661,NCIH661,,,,,,NCI-H661,lung,lung,
NCI-H69,NCI-H69,NCI-H69,NCIH69,,,,,,NCI-H69,lung,lung,
NCI-H716,NCI-H716,NCI-H716,NCIH716,,,,,NCI-H716,NCI-H716,large_intestine,large_intestine,
NCI-H719,NCI-H719,,,,,,,,NCI-H719,lung,lung,
NCI-H720,NCI-H720,,NCIH720,,,,,,NCI-H720,lung,lung,
NCI-H727,NCI-H727,NCI-H727,NCIH727,,,,,NCI-H727,NCI-H727,lung,lung,
NCI-H747,NCI-H747,NCI-H747,NCIH747,,,,,,NCI-H747,large_intestine,large_intestine,
NCI-H748,NCI-H748,,NCIH748,,,,,,NCI-H748,lung,lung,
NCI-H810,NCI-H810,NCI-H810,NCIH810,,,,,NCI-H810,NCI-H810,lung,lung,
NCI-H82,NCI-H82,NCI-H82,NCIH82,,,,,NCI-H82,NCI-H82,lung,lung,
NCI-H838,NCI-H838,NCI-H838,NCIH838,,,,,,NCI-H838,lung,lung,
NCI-H889,NCI-H889,NCI-H889,,,,,,NCI-H889,NCI-H889,lung,lung,
NCI-N417,NCI-N417,,,,,,,NCI-N417,,lung,lung,
NCI-N87,NCI-N87,NCI-N87,NCIN87,,,,,NCI-N87,NCI-N87,stomach,stomach,
NCI-SNU-1,NCI-SNU-1,SNU-1,,,,,,,,stomach,stomach,
NCI-SNU-16,NCI-SNU-16,SNU-16,,,,,,,,stomach,stomach,
NCI-SNU-5,NCI-SNU-5,SNU-5,,,,,,,,stomach,stomach,
NEC8,NEC8,,,,,,,,NEC8,testis,testis,
NH-12,NH-12,,,,,,,,NH-12,autonomic_ganglia,autonomic_ganglia,
NH-6,NH-6,NH-6,,,,,,,,autonomic_ganglia,autonomic_ganglia,
NKM-1,NKM-1,,,,,,,,NKM-1,haematopoietic_and_lymphoid_tissue,haematopoietic_and_lymphoid_tissue,
NMC-G1,NMC-G1,NMC-G1,,,,,,,NMC-G1,central_nervous_system,central_nervous_system,
no-10,no-10,,,,,,,,no-10,central_nervous_system,central_nervous_system,
no-11,no-11,,,,,,,,no-11,central_nervous_system,central_nervous_system,
NOMO-1,NOMO-1,NOMO-1,,,,,,,NOMO-1,haematopoietic_and_lymphoid_tissue,haematopoietic_and_lymphoid_tissue,
NOS-1,NOS-1,,,,,,,,NOS-1,bone,bone,
NTERA-S-cl-D1,NTERA-S-cl-D1,,,,,,,,NTERA-S-cl-D1,testis,testis,
NUGC-3,NUGC-3,NUGC-3,,,,,,NUGC-3,NUGC-3,stomach,stomach,
NY,NY,,,,,,,,NY,bone,bone,
OAW-28,OAW-28,OAW28,,,,,,,,ovary,ovary,
OAW-42,OAW-42,OAW42,,,,,,,,ovary,ovary,
OC-314,OC-314,OC 314,,,,,,,OC-314,ovary,ovary,
OCI-AML2,OCI-AML2,OCI-AML2,,,,,,OCI-AML2,OCI-AML2,haematopoietic_and_lymphoid_tissue,haematopoietic_and_lymphoid_tissue,
OCUB-M,OCUB-M,,,,,,,,OCUB-M,breast,breast,
OE19,OE19,OE19,OE19,,,,,,OE19,oesophagus,oesophagus,
OE33,OE33,OE33,OE33,,,,,,OE33,oesophagus,oesophagus,
OMC-1,OMC-1,,,,,,,,OMC-1,cervix,cervix,
ONS-76,ONS-76,ONS-76,,,,,,,ONS-76,central_nervous_system,central_nervous_system,
OPM-2,OPM-2,OPM-2,,,,,,OPM-2,OPM-2,haematopoietic_and_lymphoid_tissue,haematopoietic_and_lymphoid_tissue,
OS-RC-2,OS-RC-2,OS-RC-2,,,,,,,OS-RC-2,kidney,kidney,
OVCAR-3,OVCAR-3,NIH:OVCAR-3,OVCAR3,OV:OVCAR_3,,,,,,ovary,ovary,
OVCAR-4,OVCAR-4,OVCAR-4,OVCAR4,OV:OVCAR_4,,,,OVCAR-4,OVCAR-4,ovary,ovary,
OVCAR-5,OVCAR-5,,OVCAR5,OV:OVCAR_5,,,,OVCAR-5,,ovary,ovary,
OVCAR-8,OVCAR-8,OVCAR-8,OVCAR8,OV:OVCAR_8,,,,OVCAR-8,,ovary,ovary,
P12-ICHIKAWA,P12-ICHIKAWA,P12-ICHIKAWA,,,,,,,P12-ICHIKAWA,haematopoietic_and_lymphoid_tissue,haematopoietic_and_lymphoid_tissue,
P30-OHK,P30-OHK,,,,,,,,,haematopoietic_and_lymphoid_tissue,haematopoietic_and_lymphoid_tissue,
P31-FUJ,P31-FUJ,P31/FUJ,,,,,,,,haematopoietic_and_lymphoid_tissue,haematopoietic_and_lymphoid_tissue,
PA-1,PA-1,,,,,,,PA-1,PA-1,ovary,ovary,
PANC-03-27,PANC-03-27,Panc 03.27,,,,,,,,pancreas,pancreas,
PANC-08-13,PANC-08-13,Panc 08.13,,,,,,,,pancreas,pancreas,
PANC-10-05,PANC-10-05,Panc 10.05,,,,,,,,pancreas,pancreas,
PC-14,PC-14,PC-14,,,,,,,PC-14,lung,lung,
PC-3,PC-3,PC-3,PC3,PR:PC_3,,,,PC-3,PC-3,prostate,prostate,
PD1503a,PD1503a,,,,,,,,,,,
PF-382,PF-382,PF-382,,,,,,,PF-382,haematopoietic_and_lymphoid_tissue,haematopoietic_and_lymphoid_tissue,
PFSK-1,PFSK-1,,,,,,,,PFSK-1,central_nervous_system,central_nervous_system,
PLC-PRF-5,PLC-PRF-5,PLC/PRF/5,,,,,,,,liver,liver,
PSN1,PSN1,PSN1,,,,,,PSN1,PSN1,pancreas,pancreas,
QIMR-WIL,QIMR-WIL,,,,,,,,QIMR-WIL,haematopoietic_and_lymphoid_tissue,haematopoietic_and_lymphoid_tissue,
Raji,Raji,Raji,RAJI,,,,,,Raji,haematopoietic_and_lymphoid_tissue,haematopoietic_and_lymphoid_tissue,
Ramos-2G6-4C10,Ramos-2G6-4C10,,,,,,,,Ramos-2G6-4C10,haematopoietic_and_lymphoid_tissue,haematopoietic_and_lymphoid_tissue,
RCC10RGB,RCC10RGB,RCC10RGB,,,,,,,RCC10RGB,kidney,kidney,
RCM-1,RCM-1,RCM-1,,,,,,RCM-1,RCM-1,large_intestine,large_intestine,
RD,RD,RD,RD,,,,,,RD,soft_tissue,soft_tissue,
REH,REH,Reh,,,,,,,,haematopoietic_and_lymphoid_tissue,haematopoietic_and_lymphoid_tissue,
RERF-LC-FM,RERF-LC-FM,,,,,,,,,lung,lung,
RERF-LC-MS,RERF-LC-MS,RERF-LC-MS,,,,,,RERF-LC-MS,RERF-LC-MS,lung,lung,
RF-48,RF-48,,,,,,,,RF-48,stomach,stomach,
RH-1,RH-1,,,,,,,,RH-1,soft_tissue,soft_tissue,
RH-18,RH-18,RH-18,,,,,,,,soft_tissue,soft_tissue,
RKO,RKO,RKO,RKO,,,,RKO,RKO,RKO,large_intestine,large_intestine,
RL,RL,RL,RL,,,,,RL,RL,haematopoietic_and_lymphoid_tissue,haematopoietic_and_lymphoid_tissue,
RL95-2,RL95-2,RL95-2,RL952,,,,,,RL95-2,endometrium,endometrium,
RMG-I,RMG-I,RMG-I,,,,,,RMG-I,RMG-I,ovary,ovary,
RO82-W-1,RO82-W-1,,,,,,,,RO82-W-1,thyroid,thyroid,
RPMI-2650,RPMI-2650,,RPMI2650,,,,,,,upper_aerodigestive_tract,upper_aerodigestive_tract,
RPMI-6666,RPMI-6666,,RPMI6666,,,,,,,haematopoietic_and_lymphoid_tissue,haematopoietic_and_lymphoid_tissue,
RPMI-7951,RPMI-7951,RPMI-7951,,,,,,RPMI-7951,RPMI-7951,skin,skin,
RPMI-8226,RPMI-8226,RPMI 8226,RPMI8226,LE:RPMI_8226,,,,,,haematopoietic_and_lymphoid_tissue,haematopoietic_and_lymphoid_tissue,
RPMI-8402,RPMI-8402,RPMI-8402,,,,,,,RPMI-8402,haematopoietic_and_lymphoid_tissue,haematopoietic_and_lymphoid_tissue,
RPMI-8866,RPMI-8866,,,,,,,,RPMI-8866,haematopoietic_and_lymphoid_tissue,haematopoietic_and_lymphoid_tissue,
RS4-11,RS4-11,RS4;11,,,,,,,,haematopoietic_and_lymphoid_tissue,haematopoietic_and_lymphoid_tissue,
RT-112,RT-112,RT-112,,,,,,RT-112,RT-112,urinary_tract,urinary_tract,
RT4,RT4,RT4,,,,,,RT4,RT4,urinary_tract,urinary_tract,
RTSG,RTSG,,,,,,,,,ovary,ovary,
RVH-421,RVH-421,RVH-421,,,,,,,RVH-421,skin,skin,
RXF393,RXF393,,RXF393,RE:RXF_393,,,RXF393,,RXF393,kidney,kidney,
S-117,S-117,S-117,,,,,,,S-117,soft_tissue,soft_tissue,
Saos-2,Saos-2,Saos-2,SAOS2,,,,,,Saos-2,bone,bone,
SAS,SAS,,,,,,,,SAS,upper_aerodigestive_tract,upper_aerodigestive_tract,
SBC-1,SBC-1,,,,,,,,SBC-1,lung,lung,
SBC-5,SBC-5,SBC-5,,,,,,,SBC-5,lung,lung,
SCC-15,SCC-15,SCC-15,SCC15,,,,,SCC-15,SCC-15,upper_aerodigestive_tract,upper_aerodigestive_tract,
SCC-25,SCC-25,SCC-25,SCC25,,,,,SCC-25,SCC-25,upper_aerodigestive_tract,upper_aerodigestive_tract,
SCC-3,SCC-3,,,,,,,SCC-3,SCC-3,haematopoietic_and_lymphoid_tissue,haematopoietic_and_lymphoid_tissue,
SCC-4,SCC-4,SCC-4,,,,,,,SCC-4,upper_aerodigestive_tract,upper_aerodigestive_tract,
SCC-9,SCC-9,SCC-9,,,,,,SCC-9,SCC-9,upper_aerodigestive_tract,upper_aerodigestive_tract,
SCCH-26,SCCH-26,,,,,,,,SCCH-26,autonomic_ganglia,autonomic_ganglia,
SCH,SCH,,,,,,,,SCH,stomach,stomach,
SCLC-21H,SCLC-21H,SCLC-21H,,,,,,SCLC-21H,SCLC-21H,lung,lung,
SF126,SF126,SF126,,,,,,,SF126,central_nervous_system,central_nervous_system,
SF268,SF268,,SF268,CNS:SF_268,,,SF268,SF268,SF268,central_nervous_system,central_nervous_system,
SF295,SF295,SF-295,SF295,CNS:SF_295,,,SF295,,,central_nervous_system,central_nervous_system,
SF539,SF539,,SF539,CNS:SF_539,,,SF539,SF539,SF539,central_nervous_system,central_nervous_system,
SH-4,SH-4,SH-4,SH4,,,,,,SH-4,skin,skin,
SHP-77,SHP-77,SHP-77,SHP77,,,,,,SHP-77,lung,lung,
SIG-M5,SIG-M5,SIG-M5,,,,,,SIG-M5,SIG-M5,haematopoietic_and_lymphoid_tissue,haematopoietic_and_lymphoid_tissue,
SiHa,SiHa,,SIHA,,,,,SiHa,SiHa,cervix,cervix,
SIMA,SIMA,SIMA,,,,,,,SIMA,autonomic_ganglia,autonomic_ganglia,
SJRH30,SJRH30,SJRH30,SJRH30,,,,,,,soft_tissue,soft_tissue,
SJSA-1,SJSA-1,SJSA-1,SJSA1,,,,,,SJSA-1,bone,bone,
SK-CO-1,SK-CO-1,SK-CO-1,,,,,,SK-CO-1,SK-CO-1,large_intestine,large_intestine,
SK-HEP-1,SK-HEP-1,SK-HEP-1,,,,,,,SK-HEP-1,liver,liver,
SK-LMS-1,SK-LMS-1,SK-LMS-1,SKLMS1,,,,,,SK-LMS-1,soft_tissue,soft_tissue,
SK-LU-1,SK-LU-1,SK-LU-1,,,,,,,SK-LU-1,lung,lung,
SK-MEL-1,SK-MEL-1,SK-MEL-1,SKMEL1,,,,,SK-MEL-1,SK-MEL-1,skin,skin,
SK-MEL-2,SK-MEL-2,SK-MEL-2,,ME:SK_MEL_2,,,,SK-MEL-2,SK-MEL-2,skin,skin,
SK-MEL-24,SK-MEL-24,SK-MEL-24,,,,,,SK-MEL-24,SK-MEL-24,skin,skin,
SK-MEL-28,SK-MEL-28,SK-MEL-28,SKMEL28,ME:SK_MEL_28,,,,SK-MEL-28,,haematopoietic_and_lymphoid_tissue,haematopoietic_and_lymphoid_tissue,
SK-MEL-3,SK-MEL-3,SK-MEL-3,SKMEL3,,,,,SK-MEL-3,SK-MEL-3,skin,skin,
SK-MEL-30,SK-MEL-30,SK-MEL-30,,,,,,SK-MEL-30,SK-MEL-30,skin,skin,
SK-MEL-5,SK-MEL-5,SK-MEL-5,,ME:SK_MEL_5,,,,SK-MEL-5,SK-MEL-5,skin,skin,
SK-MES-1,SK-MES-1,SK-MES-1,SKMES1,,,,,SK-MES-1,,lung,lung,
SK-MG-1,SK-MG-1,,,,,,,,SK-MG-1,central_nervous_system,central_nervous_system,
SK-MM-2,SK-MM-2,SK-MM-2,,,,,,SK-MM-2,SK-MM-2,haematopoietic_and_lymphoid_tissue,haematopoietic_and_lymphoid_tissue,
SK-N-AS,SK-N-AS,SK-N-AS,SKNAS,,,,,SK-N-AS,SK-N-AS,autonomic_ganglia,autonomic_ganglia,
SK-N-DZ,SK-N-DZ,SK-N-DZ,SKNDZ,,,,,SK-N-DZ,SK-N-DZ,autonomic_ganglia,autonomic_ganglia,
SK-N-FI,SK-N-FI,SK-N-FI,SKNF1,,,,,SK-N-FI,SK-N-FI,autonomic_ganglia,autonomic_ganglia,
SK-NEP-1,SK-NEP-1,,SKNEP1,,,,,,SK-NEP-1,kidney,kidney,
SK-OV-3,SK-OV-3,SK-OV-3,SKOV3,OV:SK_OV_3,,,,SK-OV-3,SK-OV-3,ovary,ovary,
SK-PN-DW,SK-PN-DW,,,,,,,,SK-PN-DW,bone,bone,
SK-UT-1,SK-UT-1,SK-UT-1,SKUT1,,,,,,SK-UT-1,soft_tissue,soft_tissue,
SKG-IIIa,SKG-IIIa,,,,,,,,SKG-IIIa,cervix,cervix,
SKM-1,SKM-1,SKM-1,,,,,,SKM-1,,haematopoietic_and_lymphoid_tissue,haematopoietic_and_lymphoid_tissue,
SN12C,SN12C,,SN12C,RE:SN12C,,,SN12C,,,kidney,kidney,
SNB19,SNB19,SNB-19,SNB19,CNS:SNB_19,,,SNB19,,,central_nervous_system,central_nervous_system,
SNB75,SNB75,,SNB75,CNS:SNB_75,,,SNB75,,SNB75,central_nervous_system,central_nervous_system,
SNG-M,SNG-M,SNG-M,,,,,,,SNG-M,endometrium,endometrium,
SNU-387,SNU-387,SNU-387,SNU387,,,,,SNU-387,SNU-387,liver,liver,
SNU-423,SNU-423,SNU-423,SNU423,,,,,SNU-423,SNU-423,liver,liver,
SNU-449,SNU-449,SNU-449,SNU449,,,,,SNU-449,SNU-449,liver,liver,
SNU-475,SNU-475,SNU-475,SNU475,,,,,SNU-475,SNU-475,liver,liver,
SNU-C1,SNU-C1,SNU-C1,,,,,,SNU-C1,SNU-C1,large_intestine,large_intestine,
SNU-C2B,SNU-C2B,SNU-C2B,,,,,,,SNU-C2B,large_intestine,large_intestine,
SR,SR,SR-786,SR,LE:SR,,,,SR,SR,haematopoietic_and_lymphoid_tissue,haematopoietic_and_lymphoid_tissue,
ST486,ST486,ST486,ST486,,,,,,ST486,haematopoietic_and_lymphoid_tissue,haematopoietic_and_lymphoid_tissue,
SU-DHL-1,SU-DHL-1,SU-DHL-1,,,,,,SU-DHL-1,SU-DHL-1,haematopoietic_and_lymphoid_tissue,haematopoietic_and_lymphoid_tissue,
SUP-B8,SUP-B8,,,,,,,,,haematopoietic_and_lymphoid_tissue,haematopoietic_and_lymphoid_tissue,
SUP-T1,SUP-T1,SUP-T1,,,,,,,SUP-T1,haematopoietic_and_lymphoid_tissue,haematopoietic_and_lymphoid_tissue,
SW1088,SW1088,SW 1088,SW1088,,,,,,,central_nervous_system,central_nervous_system,
SW1116,SW1116,SW1116,SW1116,,,,,,,large_intestine,large_intestine,
SW13,SW13,,,,,,,,,adrenal_gland,adrenal_gland,
SW1417,SW1417,SW1417,SW1417,,,,,,,large_intestine,large_intestine,
SW1463,SW1463,SW1463,SW1463,,,,,,,large_intestine,large_intestine,
SW1573,SW1573,SW 1573,SW1573,,,,,,,lung,lung,
SW1710,SW1710,SW-1710,,,,,,,,urinary_tract,urinary_tract,
SW1783,SW1783,SW 1783,SW1783,,,,,,,central_nervous_system,central_nervous_system,
SW1990,SW1990,SW 1990,SW1990,,,,,,,pancreas,pancreas,
SW403,SW403,SW403,SW403,,,,,,SW403,large_intestine,large_intestine,
SW48,SW48,SW48,SW48,,,,SW48,,,large_intestine,large_intestine,
SW620,SW620,SW620,SW620,CO:SW_620,,,SW620,,SW620,large_intestine,large_intestine,
SW626,SW626,,,,,,,,,ovary,ovary,
SW684,SW684,,SW684,,,,,,SW684,soft_tissue,soft_tissue,
SW756,SW756,,SW756,,,,,,SW756,cervix,cervix,
SW780,SW780,SW 780,SW780,,,,,,,urinary_tract,urinary_tract,
SW837,SW837,SW837,SW837,,,,,,SW837,large_intestine,large_intestine,
SW872,SW872,,SW872,,,,,,SW872,soft_tissue,soft_tissue,
SW900,SW900,SW 900,SW900,,,,,,,lung,lung,
SW948,SW948,SW948,SW948,,,,,,,large_intestine,large_intestine,
SW954,SW954,,SW954,,,,,,SW954,vulva,vulva,
SW962,SW962,,SW962,,,,,,SW962,vulva,vulva,
SW982,SW982,,SW982,,,,,,SW982,soft_tissue,soft_tissue,
T-24,T-24,T24,T24,,,,,,,urinary_tract,urinary_tract,
T47D,T47D,T-47D,T47D,BR:T47D,T47D,T47D,T47D,,T47D,breast,breast,
T84,T84,T84,T84,,,,,T84,T84,large_intestine,large_intestine,
T98G,T98G,T98G,,,,,,T98G,T98G,central_nervous_system,central_nervous_system,
TALL-1,TALL-1,TALL-1,,,,,,,TALL-1,haematopoietic_and_lymphoid_tissue,haematopoietic_and_lymphoid_tissue,
TC-YIK,TC-YIK,,,,,,,,,cervix,cervix,
TCCSUP,TCCSUP,TCCSUP,,,,,,,TCCSUP,urinary_tract,urinary_tract,
TCO-1,TCO-1,,,,,,,,,thyroid,thyroid,
TE-1,TE-1,TE-1,,,,,,,TE-1,oesophagus,oesophagus,
TE-10,TE-10,TE-10,,,,,,,TE-10,oesophagus,oesophagus,
TE-11,TE-11,TE-11,,,,,,,TE-11,oesophagus,oesophagus,
TE-12,TE-12,,,,,,,,TE-12,oesophagus,oesophagus,
TE-15,TE-15,TE-15,,,,,,,TE-15,oesophagus,oesophagus,
TE-161-T,TE-161-T,,,,,,,,,haematopoietic_and_lymphoid_tissue,haematopoietic_and_lymphoid_tissue,
TE-441-T,TE-441-T,,,,,,,,TE-441-T,soft_tissue,soft_tissue,
TE-5,TE-5,TE-5,,,,,,,TE-5,oesophagus,oesophagus,
TE-6,TE-6,TE-6,,,,,,,TE-6,oesophagus,oesophagus,
TE-8,TE-8,TE-8,,,,,,,TE-8,oesophagus,oesophagus,
TE-9,TE-9,TE-9,,,,,,,TE-9,oesophagus,oesophagus,
TGBC11TKB,TGBC11TKB,TGBC11TKB,,,,,,,TGBC11TKB,stomach,stomach,
TGBC1TKB,TGBC1TKB,,,,,,,,TGBC1TKB,biliary_tract,biliary_tract,
TGBC24TKB,TGBC24TKB,,,,,,,,TGBC24TKB,biliary_tract,biliary_tract,
TGW,TGW,,,,,,,,TGW,autonomic_ganglia,autonomic_ganglia,
THP-1,THP-1,THP-1,THP1,,,,,THP-1,THP-1,haematopoietic_and_lymphoid_tissue,haematopoietic_and_lymphoid_tissue,
TI-73,TI-73,T1-73,,,,,,,,bone,bone,
TK10,TK10,,TK10,RE:TK_10,,,TK10,,TK10,kidney,kidney,
TT,TT,TT,TT,,,,,,TT,thyroid,thyroid,
TUR,TUR,,,,,,,,TUR,haematopoietic_and_lymphoid_tissue,haematopoietic_and_lymphoid_tissue,
TYK-nu,TYK-nu,TYK-nu,,,,,,TYK-nu,TYK-nu,ovary,ovary,
U-118-MG,U-118-MG,U-118 MG,,,,,,,,central_nervous_system,central_nervous_system,
U-2-OS,U-2-OS,U-2 OS,,,,,,,,bone,bone,
U-266,U-266,U266B1,U266B1,,,,,,,haematopoietic_and_lymphoid_tissue,haematopoietic_and_lymphoid_tissue,
U-698-M,U-698-M,,,,,,,U-698-M,U-698-M,haematopoietic_and_lymphoid_tissue,haematopoietic_and_lymphoid_tissue,
U-87-MG,U-87-MG,U-87 MG,U87MG,,,,,,,central_nervous_system,central_nervous_system,
U031,U031,,,RE:UO_31,,,,,,kidney,kidney,
U251,U251,U-251 MG,U251,CNS:U251,,,U251,,,central_nervous_system,central_nervous_system,
UACC-257,UACC-257,UACC-257,UACC257,ME:UACC_257,,,,UACC-257,UACC-257,haematopoietic_and_lymphoid_tissue,haematopoietic_and_lymphoid_tissue,
UACC-62,UACC-62,UACC-62,UACC62,ME:UACC_62,,,,,,haematopoietic_and_lymphoid_tissue,haematopoietic_and_lymphoid_tissue,
UACC-812,UACC-812,UACC-812,UACC812,,UACC812,,,UACC-812,UACC-812,breast,breast,
UACC-893,UACC-893,UACC-893,UACC893,,UACC893,,,UACC-893,UACC-893,breast,breast,
UM-UC-3,UM-UC-3,UM-UC-3,UMUC3,,,,,UM-UC-3,UM-UC-3,urinary_tract,urinary_tract,
UMC-11,UMC-11,,UMC11,,,,,UMC-11,UMC-11,lung,lung,
VA-ES-BJ,VA-ES-BJ,,,,,,,,VA-ES-BJ,bone,bone,
VM-CUB-1,VM-CUB-1,VM-CUB1,,,,,,,,urinary_tract,urinary_tract,
VMRC-MELG,VMRC-MELG,,,,,,,,VMRC-MELG,skin,skin,
VMRC-RCZ,VMRC-RCZ,VMRC-RCZ,,,,,,,VMRC-RCZ,kidney,kidney,
WERI-Rb-1,WERI-Rb-1,,,,,,,,,eye,eye,
WM-115,WM-115,WM-115,WM115,,,,,WM-115,WM-115,skin,skin,
WSU-NHL,WSU-NHL,,,,,,,WSU-NHL,WSU-NHL,haematopoietic_and_lymphoid_tissue,haematopoietic_and_lymphoid_tissue,
YAPC,YAPC,YAPC,YAPC,,,,,YAPC,YAPC,pancreas,pancreas,
YH-13,YH-13,YH-13,,,,,,,YH-13,central_nervous_system,central_nervous_system,
YKG-1,YKG-1,YKG1,,,,,,,YKG-1,central_nervous_system,central_nervous_system,
YT,YT,,,,,,,,YT,haematopoietic_and_lymphoid_tissue,haematopoietic_and_lymphoid_tissue,
ZR-75-30,ZR-75-30,ZR-75-30,,,ZR7530,,,ZR-75-30,ZR-75-30,breast,breast,
1321N1,,1321N1,,,,,,,1321N1,,central_nervous_system,1329191
143B,,143B,,,,,,143B,143B,bone,bone,
253J,,253J,,,,,,,,urinary_tract,urinary_tract,
253J-BV,,253J-BV,,,,,,,,urinary_tract,urinary_tract,
42-MG-BA,,42-MG-BA,,,,,,,42-MG-BA,central_nervous_system,central_nervous_system,
59M,,59M,,,,,,59M,,,ovary,H596|L96|C99|FM9|CM|59M13|397|BLM|CJM|CPM|H9|HPM|M9|MJM|V9P|A590|CEM|M9K|RM|697|SEM|498|G9T|95D|JAM|JM|EJM|SIM|MHM|A99|IM9|584|H592|NIM|LM|TM
A1207,,A1207,,,,,,,,,central_nervous_system,PA107|A427|H1607|H2107|M207|OV207|A07|A1847|A204|Ov207|A-204|ov207
ACC-MESO-1,,ACC-MESO-1,,,,,,,,pleura,pleura,
ACCS,,ACCS,,,,,,,,,urinary_tract,
Alexander cells,,Alexander cells,,,,,,,,,liver,Alexander_cells
ALL-SIL,,ALL-SIL,,,,,,,ALL-SIL,haematopoietic_and_lymphoid_tissue,haematopoietic_and_lymphoid_tissue,
AMO-1,,AMO-1,,,,,,AMO-1,AMO-1,haematopoietic_and_lymphoid_tissue,haematopoietic_and_lymphoid_tissue,
AZ-521,,AZ-521,,,,,,,AZ-521,stomach,stomach,
BC-3C,,BC-3C,,,,,,,,urinary_tract,urinary_tract,
BCP-1,,BCP-1,,,,,,,,haematopoietic_and_lymphoid_tissue,haematopoietic_and_lymphoid_tissue,
BDCM,,BDCM,BDCM,,,,,,BDCM,,haematopoietic_and_lymphoid_tissue,
BGC-823,,BGC-823,,,,,,,,,,HGC-27|BC-3|BC-2|BrCL23|GLC-82|PC-82|HPC-Y23|BICR-82|HCC-827
BICR 16,,BICR 16,,,,,,,,,upper_aerodigestive_tract,BICR-6|BICR10|BICR31
BICR 18,,BICR 18,,,,,,,,,upper_aerodigestive_tract,BICR-78|BICR78|BICR10|BICR31
BICR 22,,BICR 22,,,,,,BICR 22,BICR 22,,upper_aerodigestive_tract,BICR22
BICR 31,,BICR 31,,,,,,BICR 31,BICR 31,,upper_aerodigestive_tract,BICR-31|BICR31
BICR 56,,BICR 56,,,,,,,,,upper_aerodigestive_tract,BICR-6
BICR 6,,BICR 6,,,,,,,,,upper_aerodigestive_tract,BICR-6
BJ hTERT,,BJ hTERT,,,,,,,,,skin,PC-9ER|BHT101|BT-20|BT474|BT549|JN-DSRCT|JR|SCaBER|TT|BE2C|BJAB|JRST|OST10T|TE1|TE13|TE15|TE2|TE8|BE|ER1|ER2|ER3|ER4|ER5|FET|TPR|TUR|YUCHER|YUSTE|YUWERA|PEER|BJ|JURKAT|TE-1|TE-2|TE-3|TE-4|TE-5|TE-6|TE-7|TE-8|TE-9|BOR|BT20|BT483|BT142|ORT|PC-9-ER3|PC9-ER1|PET|OST7T|BEN|Bu25TK-|J82-EBV|sCaBER|JEG3|JAR|MTC-TT|HCE-T|OST8T|A172TR3|TE10|RCC-ER|JIMT-1|TENN|KP-N-RT|SMKT-R2|SMKT-R3|OVKATE|BT2|MOSER|BJA-B-1|T-T|TE7
BT-483,,BT-483,,,BT483,,,BT-483,BT-483,breast,breast,
CADO-ES1,,CADO-ES1,,,,,,,,bone,bone,
Caki-2,,Caki-2,CAKI2,,,,,Caki-2,,kidney,kidney,
CAL-29,,CAL-29,,,,,,,CAL-29,urinary_tract,urinary_tract,
CAL-78,,CAL-78,,,,,,,CAL-78,soft_tissue,soft_tissue,
CCK-81,,CCK-81,,,,,,,CCK-81,large_intestine,large_intestine,
CH-157MN,,CH-157MN,,,,,,,,,central_nervous_system,H157|CRL-1579|CRL1579|MH-17|NCI-157|HS157
CI-1,,CI-1,,,,,,CI-1,CI-1,haematopoietic_and_lymphoid_tissue,haematopoietic_and_lymphoid_tissue,
CJM,,CJM,,,,,,,,skin,skin,
CL-11,,CL-11,,,,,,CL-11,CL-11,,large_intestine,
CL-14,,CL-14,,,,,,,,,large_intestine,
CL-34,,CL-34,,,,,,CL-34,,,large_intestine,
CL-40,,CL-40,,,,,,CL-40,CL-40,,large_intestine,
CMK-11-5,,CMK-11-5,,,,,,,,,haematopoietic_and_lymphoid_tissue,WM-115|Co-115|CO-115
CMK-86,,CMK-86,,,,,,,,,haematopoietic_and_lymphoid_tissue,CCK-81|CMK-1
COLO 201,,COLO 201,COLO201,,,,,COLO 201,COLO 201,,large_intestine,COLO-201
COLO 684,,COLO 684,,,,,,,COLO 684,,endometrium,COLO-684
COLO 775,,COLO 775,,,,,,,,,haematopoietic_and_lymphoid_tissue,COLO-205|COLO-678|COLO-741|COLO-357|COLO-679|COLO-704|COLO857|COLO_794|COLO-677|COLO205|COLO741|COLO678|COLO_205|COLO-792|COLO667|COLO-783
COLO-677,,COLO-677,,,,,,,,lung,lung,
COLO-699,,COLO-699,,,,,,,,lung,lung,
COLO-704,,COLO-704,COLO704,,,,,COLO-704,COLO-704,ovary,ovary,
COLO-783,,COLO-783,,,,,,COLO-783,COLO-783,,skin,
COLO-818,,COLO-818,,,,,,COLO-818,COLO-818,,skin,COLO818
COLO-849,,COLO-849,,,,,,,COLO-849,skin,skin,
COR-L24,,COR-L24,,,,,,,,,lung,
COR-L311,,COR-L311,,,,,,,,lung,lung,
COR-L47,,COR-L47,,,,,,COR-L47,,lung,lung,
COR-L95,,COR-L95,,,,,,,COR-L95,,lung,
COV318,,COV318,,,,,,COV318,,,ovary,OVK18
COV362,,COV362,,,,,,COV362,,,ovary,HOP-62|CAL-62|C32|NO36|C062|Cal-62|COGA-2|CAOV3|COV434|S54362|976362|S42362|CAL62|S63362|S68362|UOK162
COV434,,COV434,,,,,,COV434,,ovary,ovary,
COV504,,COV504,,,,,,COV504,,,ovary,COV434
COV644,,COV644,,,,,,COV644,,,ovary,COV434
D341 Med,,D341 Med,D341MED,,,,,,,,central_nervous_system,D341MD
DAN-G,,DAN-G,,,,,,DAN-G,DAN-G,pancreas,pancreas,
DFCI024,,DFCI024,,,,,,,,lung,lung,
DLD-1,,DLD-1,DLD1,,,,,DLD-1,DLD-1,large_intestine,large_intestine,
DM-3,,DM-3,,,,,,,,,pleura,DM-4|EM-3|DX-3
DMS 454,,DMS 454,,,,,,DMS 454,,,lung,DMS454
DND-41,,DND-41,,,,,,,DND-41,haematopoietic_and_lymphoid_tissue,haematopoietic_and_lymphoid_tissue,
DOV13,,DOV13,,,,,,,,,,
EB1,,EB1,EB1,,,,,EB1,EB1,haematopoietic_and_lymphoid_tissue,haematopoietic_and_lymphoid_tissue,
EBC-1,,EBC-1,,,,,,EBC-1,EBC-1,lung,lung,
EFM-192A,,EFM-192A,,,,,,EFM-192A,EFM-192A,breast,breast,
EJM,,EJM,,,,,,EJM,EJM,haematopoietic_and_lymphoid_tissue,haematopoietic_and_lymphoid_tissue,
EN,,EN,,,,,,,EN,endometrium,endometrium,
EOL-1,,EOL-1,,,,,,,,haematopoietic_and_lymphoid_tissue,haematopoietic_and_lymphoid_tissue,
ES-2,,ES-2,ES2,,,,,ES-2,ES-2,ovary,ovary,
EW8,,EW8,,,,,,,,,bone,ES8
EWS502,,EWS502,,,,,,,,,bone,ES-2|ES2|906502|E17002|E29572|E36520|E36522|E36532|E36542|ES5|EST50|923502|930502|931502|SW850|EW-5|994502|976502|EW-12|EW-22|EWS-3|S520
F-36P,,F-36P,,,,,,,,haematopoietic_and_lymphoid_tissue,haematopoietic_and_lymphoid_tissue,
F5,,F5,,,,,,,,,central_nervous_system,K5|FS
FTC-238,,FTC-238,,,,,,,FTC-238,,thyroid,FTC238
FU-OV-1,,FU-OV-1,,,,,,,FU-OV-1,ovary,ovary,
FU97,,FU97,,,,,,FU97,FU97,stomach,stomach,
"G-292, clone A141B1",,"G-292, clone A141B1",,,,,,,,,bone,G-292-Clone-A141B1
GA-10,,GA-10,GA10,,,,,GA-10,GA-10,,haematopoietic_and_lymphoid_tissue,
GLC-82,,GLC-82,,,,,,,,lung,lung,
GOS-3,,GOS-3,,,,,,,GOS-3,,central_nervous_system,GS-3
GR-M,,GR-M,,,,,,GR-M,,,skin,GR-Mel|GB-1|GI-1|JR-1|JA-M|RM|GR-ST|IGR-1|GS-1|GS-2|GS-3|GS-4|GS-5|GS-6|GS-7|GS-8|GS-9
GRANTA-519,,GRANTA-519,,,,,,GRANTA-519,GRANTA-519,haematopoietic_and_lymphoid_tissue,haematopoietic_and_lymphoid_tissue,
GSS,,GSS,,,,,,,,,stomach,AGS|SR|HNS|MS1|SD|SAS|TSU|ES2|WSU|CBS|CESS|ES1|ES3|ES4|ES5|ES6|ES7|ES8|GAK|GCT|GE|GEO|HOS|RMS|WSB|CTS|Ger|HSB|SB|G5T|G9T|MOS|RS4|CMS|OHS|OS9|MGS|DNS|Geo|DS|LS1|HSG|HSY|FS|AS|NS8|PSI|GS-1|GS-2|GS-3|GS-4|GS-5|GS-6|GS-7|GS-8|GS-9|OS3|CS1
GSU,,GSU,,,,,,,,,stomach,TSU|WSU
HARA,,HARA,,,,,,,HARA,breast,breast,
HCC-1171,,HCC-1171,,,,,,,,,lung,HCC1171
HCC-1195,,HCC-1195,,,,,,,,,lung,HCC1195
HCC-1359,,HCC-1359,,,,,,,,,lung,HCC1359
HCC-1438,,HCC-1438,,,,,,,,,lung,HCC1143|HCC1428
HCC-15,,HCC-15,,,,,,HCC-15,HCC-15,,lung,
HCC-1588,,HCC-1588,,,,,,,,,lung,HCC1588
HCC-1833,,HCC-1833,,,,,,,,,lung,HCC1833
HCC-1897,,HCC-1897,,,,,,,,,lung,HCC1187|HCC-827|HCC-1599
HCC-2108,,HCC-2108,,,,,,,,,lung,HCC2108
HCC-2279,,HCC-2279,,,,,,,,,lung,HCC2279
HCC-2814,,HCC-2814,,,,,,,,,lung,HCC2218|HCC2713|HEC-251|HCC2185|HCC-2998|HOC-21|HOC-815|NCC-24|HCC2374|HCC-44|HCC-827|HCC-15|HCC-78
HCC-33,,HCC-33,,,,,,,HCC-33,,lung,
HCC-366,,HCC-366,,,,,,,HCC-366,,lung,
HCC-44,,HCC-44,,,,,,,HCC-44,lung,lung,
HCC-56,,HCC-56,,,,,,,HCC-56,large_intestine,large_intestine,
HCC-78,,HCC-78,,,,,,,HCC-78,,lung,
HCC-827-GR5,,HCC-827-GR5,,,,,,,,,lung,HCC827R1|HCC827R2|HCC827S-R2|HCC827S-R1|HCC827CLR|HCC-827
HCC-95,,HCC-95,,,,,,,,,lung,HCC95|HCC-15
HCC1428,,HCC1428,,,HCC1428,HCC1428,,HCC1428,HCC1428,breast,breast,
HCC1500,,HCC1500,,,,,,HCC1500,HCC1500,breast,breast,
HCC202,,HCC202,,,HCC202,HCC202,HCC202,HCC202,HCC202,breast,breast,
HCC2935,,HCC2935,,,,,HCC2935,HCC2935,,lung,lung,
HCC364,,HCC364,,,,,,HCC364,,lung,lung,
HCC4006,,HCC4006,,,,,HCC4006,HCC4006,,lung,lung,
HCC827,,HCC827,,,,,HCC827,HCC827,,lung,lung,
HCT-8,,HCT-8,HCT8,,,,,HCT-8,HCT-8,large_intestine,large_intestine,
HDQ-P1,,HDQ-P1,,,,,,,HDQ-P1,breast,breast,
HEC-1-A,,HEC-1-A,HEC1A,,,,,HEC-1-A,,endometrium,endometrium,
HEC-108,,HEC-108,,,,,,,,endometrium,endometrium,
HEC-151,,HEC-151,,,,,,,,endometrium,endometrium,
HEC-251,,HEC-251,,,,,,,,endometrium,endometrium,
HEC-265,,HEC-265,,,,,,,,endometrium,endometrium,
HEC-50B,,HEC-50B,,,,,,,,endometrium,endometrium,
HEC-59,,HEC-59,,,,,,,,endometrium,endometrium,
HEC-6,,HEC-6,,,,,,,,endometrium,endometrium,
HEK TE,,HEK TE,,,,,,,,,kidney,OVKATE
HEL 92.1.7,,HEL 92.1.7,HEL9217,,,,,,HEL 92.1.7,,haematopoietic_and_lymphoid_tissue,HEL-92-1-7|HEL-92_1_7
Hep 3B2.1-7,,Hep 3B2.1-7,HEP3B,,,,,,Hep 3B2.1-7,,liver,Hep3B2-1-7
Hep G2,,Hep G2,HEPG2,,,,,Hep G2,Hep G2,,liver,HepG2|Hep-G2
Hey-A8,,Hey-A8,,,,,,,,ovary,ovary,
HK-2,,HK-2,,,,,,,,,kidney,LK-2|HK-1|HT-2|SK-2|HP-2
HLC-1,,HLC-1,,,,,,,,lung,lung,
HLF,,HLF,,,,,,,HLF,liver,liver,
HLF-a,,HLF-a,,,,,,,,,lung,HLF|HLC-1
HMC-1-8,,HMC-1-8,,,,,,,,,breast,HEC-1-A|HEC-1-B|HEC-108|HMC-1A|HMC-1B|HMC-1_1|HMC-1_2
HMCB,,HMCB,HMCB,,,,,,,skin,skin,
HMEL,,HMEL,,,,,,,,,breast,HEL
HPAC,,HPAC,HPAC,,,,,HPAC,HPAC,pancreas,pancreas,
HPB-ALL,,HPB-ALL,,,,,,,,haematopoietic_and_lymphoid_tissue,haematopoietic_and_lymphoid_tissue,
HRT-18,,HRT-18,,,,,,,HRT-18,large_intestine,large_intestine,
Hs 172.T,,Hs 172.T,,,,,,,,,urinary_tract,Hs578T|Hs746T|Hs-578-T|Hs-187-T|Hs-722|Hs-729-T|Hs700T|Hs766T|Hs-700T|Hs-766T|Hs-776-T|H2172
Hs 229.T,,Hs 229.T,,,,,,,,,lung,Hs-729-T|Hs294T
Hs 255.T,,Hs 255.T,,,,,,Hs 255.T,,,large_intestine,Hs-255-T
Hs 274.T,,Hs 274.T,,,,,,,,,breast,Hs746T|Hs294T
Hs 281.T,,Hs 281.T,,,,,,,,,breast,Hs-241-T
Hs 294T,,Hs 294T,,,,,,Hs 294T,,,skin,Hs294T
Hs 343.T,,Hs 343.T,,,,,,,,,breast,Hs633T
Hs 571.T,,Hs 571.T,,,,,,,,,ovary,Hs578T|Hs-578-T
Hs 600.T,,Hs 600.T,,,,,,,,,skin,Hs700T|Hs-700T|Hs-700-T
Hs 604.T,,Hs 604.T,,,,,,,,,haematopoietic_and_lymphoid_tissue,Hs746T|Hs-207-T|Hs-844-T|Hs700T|Hs766T|Hs840_T|Hs-695-T|Hs-700T|Hs294T|Hs-700-T|Hs633T|Hs-602|Hs-633T|Hs-944-T
Hs 606.T,,Hs 606.T,,,,,,,,,breast,Hs766T
Hs 611.T,,Hs 611.T,,,,,,,,,haematopoietic_and_lymphoid_tissue,Hs-241-T|Hs766T|HB611|HU961T|Hs-695-T|Hs633T|Hs-633T
Hs 616.T,,Hs 616.T,,,,,,,,,haematopoietic_and_lymphoid_tissue,Hs766T
Hs 618.T,,Hs 618.T,,,,,,,,,lung,Hs578T|Hs-578-T|H1618|Hs-187-T|Hs683|Hs766T|HU961T|Hs-695-T|Hs633T|Hs-683|Hs-633T
Hs 675.T,,Hs 675.T,,,,,,Hs 675.T,,,large_intestine,Hs-695-T
Hs 683,,Hs 683,,,,,,Hs 683,Hs 683,,central_nervous_system,Hs683|Hs-683
Hs 688(A).T,,Hs 688(A).T,,,,,,,,,skin,Hs578T|Hs-578-T|Hs-187-T|Hs-844-T|Hs683|Hs766T|Hs840_T|Hs-695-T|Hs-587-T|Hs633T|Hs-683|Hs-633T
Hs 695T,,Hs 695T,,,,,,Hs 695T,,,skin,Hs-695-T
Hs 698.T,,Hs 698.T,,,,,,,,,large_intestine,Hs-695-T
Hs 706.T,,Hs 706.T,,,,,,,,,bone,Hs746T|Hs746-T|Hs700T|Hs766T|Hs-700T|Hs-766-T|Hs-766T|Hs-776-T|Hs-700-T
Hs 729,,Hs 729,,,,,,,,,soft_tissue,Hs-722
Hs 737.T,,Hs 737.T,,,,,,,,,bone,Hs-237-T
Hs 739.T,,Hs 739.T,,,,,,,,,breast,Hs-729-T
Hs 742.T,,Hs 742.T,,,,,,,,,breast,Hs746T|Hs746-T
Hs 746T,,Hs 746T,HS746T,,,,,Hs 746T,Hs 746T,,stomach,Hs746T
Hs 751.T,,Hs 751.T,,,,,,,,,haematopoietic_and_lymphoid_tissue,Hs578T|Hs746T|Hs-578-T|Hs746-T|Hs-241-T|Hs-255-T|Hs-729-T|Hs700T|Hs766T|Hs-700T|Hs-766-T|Hs-766T|Hs-776-T|Hs-700-T|HS758T
Hs 766T,,Hs 766T,,,,,,Hs 766T,Hs 766T,,pancreas,Hs766T|Hs-766T
Hs 819.T,,Hs 819.T,,,,,,,,,bone,H1819|Hs-187-T|Hs-844-T|Hs-729-T|Hs840_T|Hs294T
Hs 821.T,,Hs 821.T,,,,,,,,,bone,Hs-241-T|Hs-844-T|Hs-729-T|Hs840_T|Hs294T
Hs 822.T,,Hs 822.T,,,,,,,,,bone,H322T|Hs-722|Hs-844-T|Hs-729-T|Hs840_T|Hs294T
Hs 834.T,,Hs 834.T,,,,,,,,,skin,Hs-844-T
Hs 839.T,,Hs 839.T,,,,,,Hs 839.T,,,skin,Hs-237-T|Hs-844-T|HS-939-T|Hs-729-T|Hs683|Hs840_T|Hs294T|Hs633T|Hs-633T
Hs 840.T,,Hs 840.T,,,,,,,,,upper_aerodigestive_tract,Hs840_T
Hs 852.T,,Hs 852.T,,,,,,Hs 852.T,,,skin,Hs578T|Hs-255-T|Hs-844-T|Hs840_T|Hs-587-T
Hs 863.T,,Hs 863.T,,,,,,,,,bone,Hs633T|Hs-633T
Hs 870.T,,Hs 870.T,,,,,,,,,bone,Hs700T|Hs840_T|Hs-700T
Hs 888.T,,Hs 888.T,,,,,,,,,bone,Hs578T|Hs-578-T|Hs-187-T|Hs-844-T|Hs840_T|Hs-587-T
Hs 895.T,,Hs 895.T,,,,,,Hs 895.T,,,skin,Hs-695-T
Hs 934.T,,Hs 934.T,,,,,,,,,skin,Hs294T|Hs-944-T
Hs 936.T,,Hs 936.T,,,,,,Hs 936.T,,,skin,Hs746T|Hs746-T|Hs-237-T|HS-939-T|Hs-926|Hs766T|HU961T|Hs-766-T|Hs-766T|Hs294T|Hs-776-T|HS496T|Hs633T|Hs-633T|Hs-944-T
Hs 939.T,,Hs 939.T,,,,,,,,,skin,HS-939-T
Hs 940.T,,Hs 940.T,,,,,,Hs 940.T,,,skin,Hs-940|Hs840_T|Hs294T|Hs-944-T
Hs 944.T,,Hs 944.T,,,,,,,,,skin,Hs-944-T
HT115,,HT115,,,,,,,HT115,large_intestine,large_intestine,
HTK-,,HTK-,,,,,,,,,haematopoietic_and_lymphoid_tissue,HT|HT17|HTh-7|HTh7|HT-1|HT-3|HT29|TK-1|HK-1|HT-2|HTOA|HK1|TK6|ETK-1|HT55|HT3|TK
HuG1-N,,HuG1-N,,,,,,,,,stomach,HuG-N|HuG1-P
huH-1,,huH-1,,,,,,huH-1,huH-1,,liver,
HuT 102,,HuT 102,,,,,,,,,haematopoietic_and_lymphoid_tissue,HuT-102
HuT 78,,HuT 78,HUT78,,,,,,HuT 78,,haematopoietic_and_lymphoid_tissue,HuT-78
IGR-37,,IGR-37,,,,,,IGR-37,IGR-37,skin,skin,
IGR-39,,IGR-39,,,,,,,IGR-39,skin,skin,
IM95,,IM95,,,,,IM95,,,,stomach,Im95|IMR5|FM95|IM9|IM-95
IMR-32,,IMR-32,,,,,,IMR-32,IMR-32,autonomic_ganglia,autonomic_ganglia,
IOMM-Lee,,IOMM-Lee,,,,,,,,,central_nervous_system,OCI-Ly7|MOLM-13|OCM-1|OCM-3|OCM-8|OMM1|OMM2_3|OMM2_5|IMR-32|MR-Mel|OM-1|OCI-Ly1|COR-L23|COR-L51|COR-L88|IM-9|LCM-Mel|M-07e|OMC-1|OMC-2|OMC-3|OMC-4|OMC-6|OMM1_3|OMM2|OMM2_2|OMM2_6|OMM3|VMR-LCD|VMR-LCP|OCI-Ly3|IMS-M1|MML1|MOLM-14|MOLM-16|NOMO-1|IMIM-PC2|IMR-6|OM-2|OCI-Ly4|OCI-Ly8|TOM-1|MOLM-1|MM-127|COR-L47|MOLM-17|OCI-LY1|OCI-LY3|OCI-LY7|KMM-1|OPM-1|OPM-2|KOPM-28|MML-1|MOLM-11|MOLM-6|MOLM-7|SCMC-L1|SCMC-L10|SCMC-L20|SCMC-L11|SCMC-L9|SMS-LHN|MOLM-20|IA-LM|IMR-5|MM-1S|VRMC-LCD|OM9-22|SCMC-L2|IM-95|COR-L32|COR-L95|COR-L24|IOSE-397
Ishikawa (Heraklio) 02 ER-,,Ishikawa (Heraklio) 02 ER-,,,,,,,Ishikawa (Heraklio) 02 ER-,,endometrium,Ishikawa-H-12|Ishikawa-3H-12|Ishikawa_3H12
IST-MES2,,IST-MES2,,,,,,,,,pleura,IST-MES1
JeKo-1,,JeKo-1,,,,,,,,,haematopoietic_and_lymphoid_tissue,Jeko-1
JH-EsoAd1,,JH-EsoAd1,,,,,,,,oesophagus,oesophagus,
JHH-1,,JHH-1,,,,,,JHH-1,JHH-1,liver,liver,
JHH-2,,JHH-2,,,,,,JHH-2,JHH-2,liver,liver,
JHH-4,,JHH-4,,,,,,JHH-4,JHH-4,liver,liver,
JHH-5,,JHH-5,,,,,,JHH-5,,liver,liver,
JHH-6,,JHH-6,,,,,,,JHH-6,liver,liver,
JHH-7,,JHH-7,,,,,,JHH-7,JHH-7,liver,liver,
JHOC-5,,JHOC-5,,,,,,,,,ovary,JHOC5|JHOC-7
JHOM-1,,JHOM-1,,,,,,,,ovary,ovary,
JHOM-2B,,JHOM-2B,,,,,,,,,ovary,JHOM-1|JHOS-2
JHOS-2,,JHOS-2,,,,,,,,,ovary,
JHOS-4,,JHOS-4,,,,,,,,,ovary,
JHUEM-1,,JHUEM-1,,,,,,,,,endometrium,JHUEM-3
JHUEM-2,,JHUEM-2,,,,,,,,,endometrium,JHUEM-3
JHUEM-3,,JHUEM-3,,,,,,,,endometrium,endometrium,
JHUEM-7,,JHUEM-7,,,,,,,,,endometrium,JHUEM-3
JIMT-1,,JIMT-1,,,,,,JIMT-1,JIMT-1,breast,breast,
JJN-3,,JJN-3,,,,,,JJN-3,JJN-3,haematopoietic_and_lymphoid_tissue,haematopoietic_and_lymphoid_tissue,
JK-1,,JK-1,,,,,,,,haematopoietic_and_lymphoid_tissue,haematopoietic_and_lymphoid_tissue,
JL-1,,JL-1,,,,,,JL-1,,,pleura,JR-1|JK-1|ML-1|LL-1
JM1,,JM1,JM1,,,,,,JM1,,haematopoietic_and_lymphoid_tissue,
JMSU-1,,JMSU-1,,,,,,,,,urinary_tract,JMSU1
JURKAT,,JURKAT,,,,,,,,haematopoietic_and_lymphoid_tissue,haematopoietic_and_lymphoid_tissue,
JURL-MK1,,JURL-MK1,,,,,,,JURL-MK1,haematopoietic_and_lymphoid_tissue,haematopoietic_and_lymphoid_tissue,
K029AX,,K029AX,,,,,,,,,skin,K029
KARPAS-620,,KARPAS-620,,,,,,KARPAS-620,KARPAS-620,,haematopoietic_and_lymphoid_tissue,
KASUMI-2,,KASUMI-2,KASUMI2,,,,,,,haematopoietic_and_lymphoid_tissue,haematopoietic_and_lymphoid_tissue,
Kasumi-6,,Kasumi-6,,,,,,,,,haematopoietic_and_lymphoid_tissue,Kasumi-1|Kasumi-5|Kasumi-2|Kasumi-3
KCI-MOH1,,KCI-MOH1,,,,,,KCI-MOH1,,,pancreas,KCC-M871|OCI-M1
KCL-22,,KCL-22,,,,,,,KCL-22,haematopoietic_and_lymphoid_tissue,haematopoietic_and_lymphoid_tissue,
KE-39,,KE-39,,,,,,,,,stomach,KE39|KE-37
KE-97,,KE-97,,,,,,,,,haematopoietic_and_lymphoid_tissue,KE97|KE-37
KELLY,,KELLY,,,,,,KELLY,KELLY,autonomic_ganglia,autonomic_ganglia,
KG-1-C,,KG-1-C,,,,,,,KG-1-C,central_nervous_system,central_nervous_system,
KHM-1B,,KHM-1B,,,,,,KHM-1B,,,haematopoietic_and_lymphoid_tissue,KHM-11
Ki-JK,,Ki-JK,,,,,,,,,haematopoietic_and_lymphoid_tissue,KI-JK
KLM-1,,KLM-1,,,,,,KLM-1,,,pancreas,KMM-1|KYM-1
KMBC-2,,KMBC-2,,,,,,,,,urinary_tract,KMRC-2
KMM-1,,KMM-1,,,,,,KMM-1,,haematopoietic_and_lymphoid_tissue,haematopoietic_and_lymphoid_tissue,
KMRC-1,,KMRC-1,,,,,,,KMRC-1,kidney,kidney,
KMRC-2,,KMRC-2,,,,,,,,,kidney,
KMRC-20,,KMRC-20,,,,,,,KMRC-20,kidney,kidney,
KMRC-3,,KMRC-3,,,,,,,,,kidney,KMRC-1|KMRC-2
KMS-11,,KMS-11,,,,,,KMS-11,,haematopoietic_and_lymphoid_tissue,haematopoietic_and_lymphoid_tissue,
KMS-18,,KMS-18,,,,,,,,haematopoietic_and_lymphoid_tissue,haematopoietic_and_lymphoid_tissue,
KMS-20,,KMS-20,,,,,,,,,haematopoietic_and_lymphoid_tissue,GMS-10|KMH-2|KNS-60|KMP-2|KMS-11|KMS-12|KMS-18|KMO-90|NMS-2|KMRC-20
KMS-21BM,,KMS-21BM,,,,,,KMS-21BM,,,haematopoietic_and_lymphoid_tissue,KMS-12-BM
KMS-26,,KMS-26,,,,,,KMS-26,,,haematopoietic_and_lymphoid_tissue,KMH-2|KMP-2|KMP-6|Ma-26|KNS-62|SWS-26|KMS-11|KMS-12|KMS-18|NMS-2
KMS-27,,KMS-27,,,,,,KMS-27,,,haematopoietic_and_lymphoid_tissue,DMS-273|KMH-2|KMP-2|KMS-11|KMS-12|KMS-18|NMS-2
KMS-28BM,,KMS-28BM,,,,,,KMS-28BM,,,haematopoietic_and_lymphoid_tissue,KMS-12-BM
KMS-34,,KMS-34,,,,,,KMS-34,,,haematopoietic_and_lymphoid_tissue,KMP-3|KMP-4|Ma-34|KMS-11|KMS-12|KMS-18
KNS-60,,KNS-60,,,,,,,,central_nervous_system,central_nervous_system,
KOPN-8,,KOPN-8,,,,,,,KOPN-8,haematopoietic_and_lymphoid_tissue,haematopoietic_and_lymphoid_tissue,
KP-1N,,KP-1N,,,,,,,KP-1N,pancreas,pancreas,
KP-1NL,,KP-1NL,,,,,,,KP-1NL,,pancreas,KP-1N|KP-1N-L
KP-2,,KP-2,,,,,,KP-2,KP-2,pancreas,pancreas,
KP-3,,KP-3,,,,,,KP-3,KP-3,pancreas,pancreas,
KPL-1,,KPL-1,KPL1,,,,,KPL-1,KPL-1,,breast,MKPL-1
KYM-1,,KYM-1,,,,,,,KYM-1,soft_tissue,soft_tissue,
KYO-1,,KYO-1,,,,,,,,haematopoietic_and_lymphoid_tissue,haematopoietic_and_lymphoid_tissue,
KYSE-30,,KYSE-30,KYSE30,,,,,KYSE-30,KYSE-30,oesophagus,oesophagus,
L-1236,,L-1236,,,,,,,L-1236,haematopoietic_and_lymphoid_tissue,haematopoietic_and_lymphoid_tissue,
L3.3,,L3.3,,,,,,,,,pancreas,L363
LC-1/sq-SF,,LC-1/sq-SF,,,,,,,,,lung,LC-1F_sq-SF
Li-7,,Li-7,,,,,,,,,liver,Li7
LMSU,,LMSU,,,,,,,,,stomach,MS1|TSU|WSU|RMS|LCMS|JMSU1|CMS|LMS03|LMS04|LMS05|LS1|KMS5|LM
LN-18,,LN-18,,,,,,LN-18,LN-18,central_nervous_system,central_nervous_system,
LN-215,,LN-215,,,,,,,,central_nervous_system,central_nervous_system,
LN-229,,LN-229,,,,,,LN-229,LN-229,central_nervous_system,central_nervous_system,
LN-235,,LN-235,,,,,,,,central_nervous_system,central_nervous_system,
LN-319,,LN-319,,,,,,,,central_nervous_system,central_nervous_system,
LN-340,,LN-340,,,,,,,,central_nervous_system,central_nervous_system,
LN-428,,LN-428,,,,,,,,central_nervous_system,central_nervous_system,
LN-443,,LN-443,,,,,,,,central_nervous_system,central_nervous_system,
LN-464,,LN-464,,,,,,,,central_nervous_system,central_nervous_system,
LN382,,LN382,,,,,,,,,central_nervous_system,LN-382T|LN-827
LNZ308,,LNZ308,,,,,,,,,central_nervous_system,LN-308
LOU-NH91,,LOU-NH91,,,,,,LOU-NH91,LOU-NH91,,lung,
LS 180,,LS 180,,,,,,LS 180,,,large_intestine,LS-180|LS180
LUDLU-1,,LUDLU-1,,,,,,,LUDLU-1,lung,lung,
M-07e,,M-07e,,,,,,,,haematopoietic_and_lymphoid_tissue,haematopoietic_and_lymphoid_tissue,
M059K,,M059K,,,,,,M059K,M059K,central_nervous_system,central_nervous_system,
MB 157,,MB 157,,,,,,,MB 157,,breast,MB157
MCAS,,MCAS,,,,,,MCAS,MCAS,ovary,ovary,
MDA PCa 2b,,MDA PCa 2b,,,,,,,,,prostate,MDA-PCa-2b
MDA-MB-436,,MDA-MB-436,,,MDAMB436,,,MDA-MB-436,MDA-MB-436,breast,breast,
MDST8,,MDST8,,,,,,MDST8,MDST8,large_intestine,large_intestine,
ME-1,,ME-1,,,,,,ME-1,ME-1,haematopoietic_and_lymphoid_tissue,haematopoietic_and_lymphoid_tissue,
MEC-1,,MEC-1,MEC1,,,,,,MEC-1,,haematopoietic_and_lymphoid_tissue,
MEC-2,,MEC-2,,,,,,,MEC-2,,haematopoietic_and_lymphoid_tissue,
MFE-319,,MFE-319,,,,,,,MFE-319,endometrium,endometrium,
MHH-CALL-3,,MHH-CALL-3,,,,,,,,haematopoietic_and_lymphoid_tissue,haematopoietic_and_lymphoid_tissue,
Mino,,Mino,,,,,,,,,haematopoietic_and_lymphoid_tissue,Mewo|MeWo|Mo
MKN74,,MKN74,,,,,MKN74,,MKN74,stomach,stomach,
ML-1,,ML-1,,,,,,,ML-1,haematopoietic_and_lymphoid_tissue,haematopoietic_and_lymphoid_tissue,
MM1-S,,MM1-S,,,,,,,,,haematopoietic_and_lymphoid_tissue,MM1S|MM-1S
MOLM-13,,MOLM-13,,,,,,,MOLM-13,haematopoietic_and_lymphoid_tissue,haematopoietic_and_lymphoid_tissue,
MOLM-16,,MOLM-16,,,,,,MOLM-16,,haematopoietic_and_lymphoid_tissue,haematopoietic_and_lymphoid_tissue,
MOLM-6,,MOLM-6,,,,,,,,haematopoietic_and_lymphoid_tissue,haematopoietic_and_lymphoid_tissue,
MOLP-2,,MOLP-2,,,,,,MOLP-2,,,haematopoietic_and_lymphoid_tissue,MOLP-8
MOLP-8,,MOLP-8,,,,,,MOLP-8,MOLP-8,,haematopoietic_and_lymphoid_tissue,
MONO-MAC-1,,MONO-MAC-1,,,,,,,MONO-MAC-1,haematopoietic_and_lymphoid_tissue,haematopoietic_and_lymphoid_tissue,
MOR/CPR,,MOR/CPR,,,,,,,,,lung,MC-CAR|IOR/EW4|IOR/OS7|IOR/OS9|MOSER
MOTN-1,,MOTN-1,,,,,,,,,haematopoietic_and_lymphoid_tissue,MKN-1|MOLM-1|KOPN-1|MOBS-1|ATN-1|MUTZ-1|ETN-1
MUTZ-3,,MUTZ-3,,,,,,,,haematopoietic_and_lymphoid_tissue,haematopoietic_and_lymphoid_tissue,
MUTZ-5,,MUTZ-5,,,,,,,,haematopoietic_and_lymphoid_tissue,haematopoietic_and_lymphoid_tissue,
NALM-19,,NALM-19,,,,,,,NALM-19,haematopoietic_and_lymphoid_tissue,haematopoietic_and_lymphoid_tissue,
NAMALWA,,NAMALWA,NAMALWA,,,,,NAMALWA,NAMALWA,haematopoietic_and_lymphoid_tissue,haematopoietic_and_lymphoid_tissue,
NCC-StC-K140,,NCC-StC-K140,,,,,,,,,stomach,ACC-LC-170|ACC-LC-314
NCI-H1184,,NCI-H1184,,,,,,,,lung,lung,
NCI-H1339,,NCI-H1339,,,,,,,,lung,lung,
NCI-H1341,,NCI-H1341,,,,,,,,lung,lung,
NCI-H1373,,NCI-H1373,,,,,,NCI-H1373,,lung,lung,
NCI-H1385,,NCI-H1385,,,,,,,NCI-H1385,lung,lung,
NCI-H1435,,NCI-H1435,,,,,,NCI-H1435,NCI-H1435,lung,lung,
NCI-H1568,,NCI-H1568,,,,,,NCI-H1568,NCI-H1568,lung,lung,
NCI-H1781,,NCI-H1781,,,,,,NCI-H1781,NCI-H1781,lung,lung,
NCI-H1836,,NCI-H1836,,,,,,,NCI-H1836,lung,lung,
NCI-H1869,,NCI-H1869,,,,,,NCI-H1869,NCI-H1869,lung,lung,
NCI-H1876,,NCI-H1876,,,,,,,NCI-H1876,lung,lung,
NCI-H1915,,NCI-H1915,,,,,,NCI-H1915,NCI-H1915,lung,lung,
NCI-H1944,,NCI-H1944,,,,,,NCI-H1944,NCI-H1944,lung,lung,
NCI-H196,,NCI-H196,,,,,,NCI-H196,NCI-H196,lung,lung,
NCI-H2023,,NCI-H2023,,,,,,NCI-H2023,NCI-H2023,lung,lung,
NCI-H2066,,NCI-H2066,,,,,,,,,lung,
NCI-H2073,,NCI-H2073,,,,,,NCI-H2073,NCI-H2073,lung,lung,
NCI-H2085,,NCI-H2085,,,,,,,NCI-H2085,lung,lung,
NCI-H2106,,NCI-H2106,,,,,,NCI-H2106,NCI-H2106,lung,lung,
NCI-H211,,NCI-H211,,,,,,,NCI-H211,lung,lung,
NCI-H2110,,NCI-H2110,,,,,,NCI-H2110,NCI-H2110,,lung,
NCI-H2172,,NCI-H2172,,,,,,NCI-H2172,NCI-H2172,,lung,
NCI-H2286,,NCI-H2286,,,,,,,NCI-H2286,lung,lung,
NCI-H2444,,NCI-H2444,,,,,,,NCI-H2444,lung,lung,
NCI-H322,,NCI-H322,NCIH322,LC:NCI_H322M,,,,,NCI-H322,lung,lung,
NCI-H3255,,NCI-H3255,,,,,,,,lung,lung,
NCI-H647,,NCI-H647,,,,,,,NCI-H647,lung,lung,
NCI-H660,,NCI-H660,NCIH660,,,,,,,prostate,prostate,
NCI-H684,,NCI-H684,,,,,,,,,liver,NCI-H64
NCI-H841,,NCI-H841,,,,,,,NCI-H841,lung,lung,
NCI-H854,,NCI-H854,,,,,,,,lung,lung,
NCI-H929,,NCI-H929,,,,,,NCI-H929,,haematopoietic_and_lymphoid_tissue,haematopoietic_and_lymphoid_tissue,
NCO2,,NCO2,,,,,,,,haematopoietic_and_lymphoid_tissue,haematopoietic_and_lymphoid_tissue,
NU-DHL-1,,NU-DHL-1,,,,,,,,haematopoietic_and_lymphoid_tissue,haematopoietic_and_lymphoid_tissue,
NU-DUL-1,,NU-DUL-1,,,,,,NU-DUL-1,NU-DUL-1,haematopoietic_and_lymphoid_tissue,haematopoietic_and_lymphoid_tissue,
NUGC-2,,NUGC-2,,,,,,NUGC-2,NUGC-2,,stomach,
NUGC-4,,NUGC-4,,,,,,NUGC-4,NUGC-4,stomach,stomach,
OC 315,,OC 315,,,,,,,,,ovary,OC-314
OC 316,,OC 316,,,,,,,,,ovary,OC-314
OCI-AML3,,OCI-AML3,,,,,,OCI-AML3,OCI-AML3,haematopoietic_and_lymphoid_tissue,haematopoietic_and_lymphoid_tissue,
OCI-AML5,,OCI-AML5,,,,,,OCI-AML5,OCI-AML5,haematopoietic_and_lymphoid_tissue,haematopoietic_and_lymphoid_tissue,
OCI-LY-19,,OCI-LY-19,,,,,,OCI-LY-19,OCI-LY-19,haematopoietic_and_lymphoid_tissue,haematopoietic_and_lymphoid_tissue,
OCI-LY10,,OCI-LY10,,,,,,,,haematopoietic_and_lymphoid_tissue,haematopoietic_and_lymphoid_tissue,
OCI-LY3,,OCI-LY3,,,,,,,,haematopoietic_and_lymphoid_tissue,haematopoietic_and_lymphoid_tissue,
OCI-M1,,OCI-M1,,,,,,OCI-M1,OCI-M1,haematopoietic_and_lymphoid_tissue,haematopoietic_and_lymphoid_tissue,
OCUM-1,,OCUM-1,,,,,,OCUM-1,OCUM-1,stomach,stomach,
OE21,,OE21,OE21,,,,,,OE21,upper_aerodigestive_tract,upper_aerodigestive_tract,
OELE,,OELE,,,,,,,,,ovary,KLE|OE21|OE19|OE33|HLE
ONCO-DG-1,,ONCO-DG-1,,,,,,,,,ovary,OCI-LY-1
OUMS-23,,OUMS-23,,,,,,OUMS-23,OUMS-23,large_intestine,large_intestine,
OUMS-27,,OUMS-27,,,,,,,,,bone,OUMS-23|OUMS27
OV-90,,OV-90,OV90,,,,,OV-90,OV-90,ovary,ovary,
OV56,,OV56,,,,,,OV56,,,ovary,OV-56
OV7,,OV7,,,,,,OV7,,,ovary,OV-7
OVISE,,OVISE,,,,,,OVISE,OVISE,ovary,ovary,
OVK18,,OVK18,,,,,,,,ovary,ovary,
OVKATE,,OVKATE,,,,,,OVKATE,OVKATE,ovary,ovary,
OVMANA,,OVMANA,,,,,,OVMANA,,ovary,ovary,
OVSAHO,,OVSAHO,,,,,,OVSAHO,,,ovary,OVSAYO
OVTOKO,,OVTOKO,,,,,,OVTOKO,OVTOKO,ovary,ovary,
P3HR-1,,P3HR-1,P3HR1,,,,,,P3HR-1,haematopoietic_and_lymphoid_tissue,haematopoietic_and_lymphoid_tissue,
PA-TU-8902,,PA-TU-8902,,,,,,PA-TU-8902,PA-TU-8902,pancreas,pancreas,
PA-TU-8988S,,PA-TU-8988S,,,,,,PA-TU-8988S,PA-TU-8988S,pancreas,pancreas,
PA-TU-8988T,,PA-TU-8988T,,,,,,PA-TU-8988T,PA-TU-8988T,pancreas,pancreas,
Panc 02.03,,Panc 02.03,,,,,,Panc 02.03,Panc 02.03,,pancreas,Panc2_03
Panc 02.13,,Panc 02.13,,,,,,,,,pancreas,Panc-8_13|Panc2_03
Panc 04.03,,Panc 04.03,,,,,,Panc 04.03,Panc 04.03,,pancreas,Panc-4_30|Panc2_03
Panc 05.04,,Panc 05.04,,,,,,Panc 05.04,,,pancreas,Panc-4_30|Panc2_03|Panc9_06
PANC-1,,PANC-1,,,,,,PANC-1,PANC-1,pancreas,pancreas,
PCM6,,PCM6,,,,,,,,,haematopoietic_and_lymphoid_tissue,PC-6
PE/CA-PJ15,,PE/CA-PJ15,,,,,,PE/CA-PJ15,PE/CA-PJ15,upper_aerodigestive_tract,upper_aerodigestive_tract,
PE/CA-PJ34 (clone C12),,PE/CA-PJ34 (clone C12),,,,,,,,,upper_aerodigestive_tract,PE/CA-PJ34|PE/CA-PJ41
PE/CA-PJ41 (clone D2),,PE/CA-PJ41 (clone D2),,,,,,,,,upper_aerodigestive_tract,PE/CA-PJ41
PE/CA-PJ49,,PE/CA-PJ49,,,,,,,,upper_aerodigestive_tract,upper_aerodigestive_tract,
PEER,,PEER,,,,,,,PEER,haematopoietic_and_lymphoid_tissue,haematopoietic_and_lymphoid_tissue,
Pfeiffer,,Pfeiffer,,,,,,Pfeiffer,Pfeiffer,haematopoietic_and_lymphoid_tissue,haematopoietic_and_lymphoid_tissue,
PK-1,,PK-1,,,,,,,,pancreas,pancreas,
PK-45H,,PK-45H,,,,,,PK-45H,,,pancreas,PK-45|PK-45_H|PK-45P
PK-59,,PK-59,,,,,,PK-59,,pancreas,pancreas,
PL-21,,PL-21,,,,,,PL-21,PL-21,haematopoietic_and_lymphoid_tissue,haematopoietic_and_lymphoid_tissue,
PL45,,PL45,,,,,,PL45,PL45,pancreas,pancreas,
PrEC LH,,PrEC LH,,,,,,,,,prostate,BrCL1|BrCL3|BrCL4|BrCL5|BrCL6|BrCL7|BrCL8|BrCL9|PaCL1|PaCL3|PaCL5|PaCL6|PaCL7|PaCL8
QGP-1,,QGP-1,,,,,,QGP-1,QGP-1,pancreas,pancreas,
RCC-4,,RCC-4,,,,,,,,kidney,kidney,
RCH-ACV,,RCH-ACV,RCHACV,,,,,,,haematopoietic_and_lymphoid_tissue,haematopoietic_and_lymphoid_tissue,
RD-ES,,RD-ES,RDES,,,,,,RD-ES,bone,bone,
REC-1,,REC-1,REC1,,,,,REC-1,REC-1,haematopoietic_and_lymphoid_tissue,haematopoietic_and_lymphoid_tissue,
RERF-GC-1B,,RERF-GC-1B,,,,,,RERF-GC-1B,RERF-GC-1B,stomach,stomach,
RERF-LC-Ad1,,RERF-LC-Ad1,,,,,,,RERF-LC-Ad1,lung,lung,
RERF-LC-Ad2,,RERF-LC-Ad2,,,,,,,,lung,lung,
RERF-LC-AI,,RERF-LC-AI,,,,,,,,lung,lung,
RERF-LC-KJ,,RERF-LC-KJ,,,,,,RERF-LC-KJ,RERF-LC-KJ,lung,lung,
RERF-LC-Sq1,,RERF-LC-Sq1,,,,,,,RERF-LC-Sq1,lung,lung,
RH-30,,RH-30,,,,,,,RH-30,,soft_tissue,
RH-41,,RH-41,,,,,,,RH-41,soft_tissue,soft_tissue,
RI-1,,RI-1,,,,,,RI-1,,haematopoietic_and_lymphoid_tissue,haematopoietic_and_lymphoid_tissue,
RKN,,RKN,,,,,,RKN,RKN,,soft_tissue,
RMUG-S,,RMUG-S,,,,,,RMUG-S,,ovary,ovary,
RS-5,,RS-5,,,,,,,,,pleura,GS-5
RT112/84,,RT112/84,,,,,,,RT112/84,,urinary_tract,RT112
SALE,,SALE,,,,,,,,,lung,KLE|SAS|ALA|HLE|SAOS|VAL|SARG|TALL|HAL|SAT
SCaBER,,SCaBER,SCABER,,,,,,SCaBER,urinary_tract,urinary_tract,
SEM,,SEM,SEM,,,,,,,haematopoietic_and_lymphoid_tissue,haematopoietic_and_lymphoid_tissue,
Set-2,,Set-2,,,,,,,,,haematopoietic_and_lymphoid_tissue,Set2
SF-172,,SF-172,,,,,,,,,central_nervous_system,A-172|S89172|S21172|S73172|S74172
SF767,,SF767,,,,,,,,central_nervous_system,central_nervous_system,
SF8657,,SF8657,,,,,,,,,,S88557|SF8628|S68357|SF767
SH-10-TC,,SH-10-TC,,,,,,,,stomach,stomach,
SH-SY5Y,,SH-SY5Y,,,,,,,SH-SY5Y,autonomic_ganglia,autonomic_ganglia,
SK-BR-3,,SK-BR-3,SKBR3,,SKBR3,,,SK-BR-3,SK-BR-3,breast,breast,
SK-ES-1,,SK-ES-1,,,,,,,SK-ES-1,bone,bone,
SK-MEL-31,,SK-MEL-31,,,,,,SK-MEL-31,,skin,skin,
SK-N-BE(2),,SK-N-BE(2),,,,,,,SK-N-BE(2),,autonomic_ganglia,SK-N-BE-2c|SK-N-BE2C|SK-N-BE2
SK-N-MC,,SK-N-MC,,,,,,,,bone,bone,
SK-N-SH,,SK-N-SH,,,,,,SK-N-SH,SK-N-SH,autonomic_ganglia,autonomic_ganglia,
SK-RC 31,,SK-RC 31,,,,,,,,,kidney,SK-RC-13|SK-RC-35|SK-RC-37
SK-RC-20,,SK-RC-20,,,,,,,,,kidney,SK-RC-2|SK-RC-29
SLR 20,,SLR 20,,,,,,,,,kidney,SW620|S63520|S64020|SJRH30|S88520|S88820|S89220|6LC20|SW120|SW-620|S54320|S27120|S42320|S14920|S54420|SJRH2|SJRH28|OUR20|S520|S65820|S65920|S79420|WLM-20|SKRC28
SLR 21,,SLR 21,,,,,,,,,kidney,S63521|S64021|Li21|S88521|S88821|S89221|SJRH-1|PL-21|S54321|S27121|S42321|S14921|S54421|SJRH1|SJRH2|SJRH28|S65821|S65921|S75621|S79421|SLB1|SKRC28|SKRC61
SLR 23,,SLR 23,,,,,,,,,kidney,LS-123|S64023|S88523|S88823|LS123|S54323|S27123|S42323|S14923|S54423|SJRH-3|SJRH2|SJRH28|SJRH3|S65823|S65923|S79423|SNU423|SKRC28
SLR 24,,SLR 24,,,,,,,,,kidney,Lu-24|S64024|LU-24|S88524|S88824|SJRH-4|Lu24|SH-224|S54324|S27124|S42324|S14924|S54424|SJRH2|SJRH28|SJRH4|S65824|S65924|S79424|C1RA24|SKRC28
SLR 25,,SLR 25,,,,,,,,,kidney,SCC-25|SSP-25|SUM225|S64025|S88525|S88825|SCC25|CL25|S54325|S27125|S42325|S14925|S54425|SJRH2|SJRH28|SJRH5|S65825|S79425|SKRC28
SLR 26,,SLR 26,,,,,,,,,kidney,SF126|SW626|S64026|S88526|S88826|SWS-26|S54326|S27126|S42326|S14926|S54426|SJRH2|SJRH28|S65826|S79426|SKRC28|SKRC56|SKRC62
SNU-1033,,SNU-1033,,,,,,,,large_intestine,large_intestine,
SNU-1040,,SNU-1040,,,,,,,,large_intestine,large_intestine,
SNU-1041,,SNU-1041,,,,,,,,,upper_aerodigestive_tract,SNU-1040|SNU-1047
SNU-1066,,SNU-1066,,,,,,,,upper_aerodigestive_tract,upper_aerodigestive_tract,
SNU-1076,,SNU-1076,,,,,,,,upper_aerodigestive_tract,upper_aerodigestive_tract,
SNU-1077,,SNU-1077,,,,,,,,,endometrium,SNU-1079|SNU-1047|SNU-1076
SNU-1079,,SNU-1079,,,,,,,,biliary_tract,biliary_tract,
SNU-1105,,SNU-1105,,,,,,,,,central_nervous_system,SNU-1181|SNU-1235|SNU-1406|SNU-1196|SNU-1197|SNU-175|SNU-410|SNU-1750
SNU-119,,SNU-119,,,,,,,,,ovary,SNU-719|SNU-1196|SNU-1197
SNU-1196,,SNU-1196,,,,,,,,biliary_tract,biliary_tract,
SNU-1197,,SNU-1197,,,,,,,,large_intestine,large_intestine,
SNU-1214,,SNU-1214,,,,,,,,upper_aerodigestive_tract,upper_aerodigestive_tract,
SNU-1272,,SNU-1272,,,,,,,,,kidney,SNU-1235|SNU-182|SNU-1079|SNU-1076|SNU-1214|SNU-175|SNU-1327|SNU-2292|SNU-2372
SNU-175,,SNU-175,,,,,,,,large_intestine,large_intestine,
SNU-182,,SNU-182,SNU182,,,,,SNU-182,SNU-182,liver,liver,
SNU-201,,SNU-201,,,,,,,,,central_nervous_system,SNU-601
SNU-213,,SNU-213,,,,,,,,pancreas,pancreas,
SNU-216,,SNU-216,,,,,,SNU-216,,stomach,stomach,
SNU-245,,SNU-245,,,,,,,,biliary_tract,biliary_tract,
SNU-283,,SNU-283,,,,,,,,large_intestine,large_intestine,
SNU-308,,SNU-308,,,,,,,,biliary_tract,biliary_tract,
SNU-324,,SNU-324,,,,,,,,pancreas,pancreas,
SNU-349,,SNU-349,,,,,,,,,kidney,SNU-449
SNU-398,,SNU-398,SNU398,,,,,SNU-398,SNU-398,liver,liver,
SNU-407,,SNU-407,,,,,,,,large_intestine,large_intestine,
SNU-410,,SNU-410,,,,,,,,pancreas,pancreas,
SNU-46,,SNU-46,,,,,,,,upper_aerodigestive_tract,upper_aerodigestive_tract,
SNU-466,,SNU-466,,,,,,,,,central_nervous_system,SNU-46
SNU-478,,SNU-478,,,,,,,,pancreas,pancreas,
SNU-489,,SNU-489,,,,,,,,,central_nervous_system,SNU-449|SNU-479|SNU-484
SNU-503,,SNU-503,,,,,,,,large_intestine,large_intestine,
SNU-520,,SNU-520,,,,,,,,stomach,stomach,
SNU-601,,SNU-601,,,,,,SNU-601,,stomach,stomach,
SNU-61,,SNU-61,,,,,,,,large_intestine,large_intestine,
SNU-620,,SNU-620,,,,,,SNU-620,,stomach,stomach,
SNU-626,,SNU-626,,,,,,,,,central_nervous_system,SNU-620
SNU-668,,SNU-668,,,,,,SNU-668,,stomach,stomach,
SNU-685,,SNU-685,,,,,,,,,endometrium,SNU-585
SNU-719,,SNU-719,,,,,,SNU-719,,stomach,stomach,
SNU-738,,SNU-738,,,,,,,,,central_nervous_system,SNU-638
SNU-761,,SNU-761,,,,,,,,,liver,SNU-61
SNU-8,,SNU-8,,,,,,,,,ovary,SNU-1|SNU-5|SNU-80|SNU-81|SNU-C
SNU-81,,SNU-81,,,,,,,,large_intestine,large_intestine,
SNU-840,,SNU-840,,,,,,,,,ovary,SNU-80
SNU-869,,SNU-869,,,,,,,,pancreas,pancreas,
SNU-878,,SNU-878,,,,,,,,,liver,SNU-478
SNU-886,,SNU-886,,,,,,,,,liver,SNU-16|SNU-796|SNU-182|SNU-216|SNU-387|SNU-484|SNU-668|SNU-80|SNU-869|SNU-283|SNU-46|SNU-585|SNU-81|SNU-899|SNU-306|SNU-368
SNU-899,,SNU-899,,,,,,,,upper_aerodigestive_tract,upper_aerodigestive_tract,
SNU-C2A,,SNU-C2A,,,,,,,,large_intestine,large_intestine,
SNU-C4,,SNU-C4,,,,,,,,large_intestine,large_intestine,
SNU-C5,,SNU-C5,,,,,,,,,large_intestine,
Sq-1,,Sq-1,,,,,,,,lung,lung,
SU-DHL-10,,SU-DHL-10,SUDHL10,,,,,SU-DHL-10,SU-DHL-10,haematopoietic_and_lymphoid_tissue,haematopoietic_and_lymphoid_tissue,
SU-DHL-4,,SU-DHL-4,,,,,,SU-DHL-4,SU-DHL-4,haematopoietic_and_lymphoid_tissue,haematopoietic_and_lymphoid_tissue,
SU-DHL-5,,SU-DHL-5,SUDHL5,,,,,SU-DHL-5,SU-DHL-5,haematopoietic_and_lymphoid_tissue,haematopoietic_and_lymphoid_tissue,
SU-DHL-6,,SU-DHL-6,SUDHL6,,,,,SU-DHL-6,SU-DHL-6,haematopoietic_and_lymphoid_tissue,haematopoietic_and_lymphoid_tissue,
SU-DHL-8,,SU-DHL-8,,,,,,SU-DHL-8,SU-DHL-8,haematopoietic_and_lymphoid_tissue,haematopoietic_and_lymphoid_tissue,
SU.86.86,,SU.86.86,,,,,,SU.86.86,SU.86.86,,pancreas,SU-86-86|SU86-86|SU86_86|SU8686
SUIT-2,,SUIT-2,,,,,,SUIT-2,SUIT-2,pancreas,pancreas,
SUP-B15,,SUP-B15,,,,,,SUP-B15,SUP-B15,haematopoietic_and_lymphoid_tissue,haematopoietic_and_lymphoid_tissue,
SUP-HD1,,SUP-HD1,,,,,,,SUP-HD1,haematopoietic_and_lymphoid_tissue,haematopoietic_and_lymphoid_tissue,
SUP-M2,,SUP-M2,,,,,,,SUP-M2,haematopoietic_and_lymphoid_tissue,haematopoietic_and_lymphoid_tissue,
SUP-T11,,SUP-T11,,,,,,,,haematopoietic_and_lymphoid_tissue,haematopoietic_and_lymphoid_tissue,
SW 1271,,SW 1271,,,,,,,SW 1271,,lung,SW1271
SW 1353,,SW 1353,SW1353,,,,,,,,bone,SW1353
SW480,,SW480,SW480,,,,,,,large_intestine,large_intestine,
SW579,,SW579,SW579,,,,,,,upper_aerodigestive_tract,upper_aerodigestive_tract,
T.T,,T.T,,,,,,,T.T,,oesophagus,TT|T-T
T3M-10,,T3M-10,,,,,,,,,lung,TXM-18|TE-10|TXM-1|TXM-13|TOM-1|TK-10|T3M-5
T3M-4,,T3M-4,,,,,,,,,pancreas,T3M4|T3M-5
TC-32,,TC-32,,,,,,,,bone,bone,
TC-71,,TC-71,,,,,,TC-71,TC-71,bone,bone,
TCC-PAN2,,TCC-PAN2,,,,,,TCC-PAN2,,,pancreas,TC-32|SCMC-N2|TCO-2|ACC-2|CF-PAC1|LCC-1A|TCC-SUP|RCC-AB|SCC-12|RCC-FG2|CAPAN-2
TE 125.T,,TE 125.T,,,,,,,,,soft_tissue,TE-175-T
TE 159.T,,TE 159.T,,,,,,,,,soft_tissue,TE-159-T
TE 441.T,,TE 441.T,,,,,,,,,soft_tissue,TE-441-T
TE 617.T,,TE 617.T,,,,,,,,,soft_tissue,TE-617-T
TE-14,,TE-14,,,,,,,,oesophagus,oesophagus,
TE-4,,TE-4,,,,,,,,oesophagus,oesophagus,
TEN,,TEN,,,,,,,,,endometrium,EN|TE1|TE2|TE8|CEN|BEN|TENN|REN|TE7
TF-1,,TF-1,,,,,,,TF-1,haematopoietic_and_lymphoid_tissue,haematopoietic_and_lymphoid_tissue,
TIG-3 TD,,TIG-3 TD,,,,,,,,,lung,IGR39D
TM-31,,TM-31,,,,,,,,,central_nervous_system,TMK1|TC-32|TC-71|TMK-1|WM-35|WM-51|OM-1|EM-3|AM-38|TK-1|TP31|WM-39|TE-1|TE-11|TE-13|TE-3|TXM-1|TXM-13|TOM-1|Ma-31|UO-31|TC-131|TF-1|MT-3
TO 175.T,,TO 175.T,TO175T,,,,,,,,haematopoietic_and_lymphoid_tissue,TE-175-T
Toledo,,Toledo,TOLEDO,,,,,Toledo,Toledo,haematopoietic_and_lymphoid_tissue,haematopoietic_and_lymphoid_tissue,
TOV-112D,,TOV-112D,,,,,,TOV-112D,TOV-112D,ovary,ovary,
TOV-21G,,TOV-21G,,,,,,,TOV-21G,ovary,ovary,
TT2609-C02,,TT2609-C02,,,,,,,TT2609-C02,thyroid,thyroid,
TUHR10TKB,,TUHR10TKB,,,,,,,,,kidney,TGBC11TKB|TGBC1TKB
TUHR14TKB,,TUHR14TKB,,,,,,,,,kidney,TGBC11TKB|TGBC1TKB|TGBC24TKB
TUHR4TKB,,TUHR4TKB,,,,,,,,,kidney,TGBC1TKB|TGBC24TKB
U-138 MG,,U-138 MG,U138MG,,,,,,U-138 MG,,central_nervous_system,U-138-MG
U-178,,U-178,,,,,,,,,central_nervous_system,A-172|U-87|U-1752|U138
U-937,,U-937,,,,,,U-937,U-937,haematopoietic_and_lymphoid_tissue,haematopoietic_and_lymphoid_tissue,
U-BLC1,,U-BLC1,,,,,,,,urinary_tract,urinary_tract,
U343,,U343,,,,,,,,,central_nervous_system,L363|C643|H345|M243|c643|UG-3|M363|P3H3|34t|HX43|UC-3
UM-UC-1,,UM-UC-1,,,,,,UM-UC-1,,urinary_tract,urinary_tract,
UMRC2,,UMRC2,,,,,,,,kidney,kidney,
UMRC6,,UMRC6,,,,,,,,kidney,kidney,
UOK101,,UOK101,,,,,,,,kidney,kidney,
UT-7,,UT-7,,,,,,,,haematopoietic_and_lymphoid_tissue,haematopoietic_and_lymphoid_tissue,
VCaP,,VCaP,,,,,,,VCaP,prostate,prostate,
VMRC-LCD,,VMRC-LCD,,,,,,VMRC-LCD,,lung,lung,
VMRC-LCP,,VMRC-LCP,,,,,,,VMRC-LCP,lung,lung,
VMRC-RCW,,VMRC-RCW,,,,,,,VMRC-RCW,kidney,kidney,
WM-266-4,,WM-266-4,,,,,,WM-266-4,,skin,skin,
WM-793,,WM-793,,,,,,,,skin,skin,
WM-88,,WM-88,,,,,,,,skin,skin,
WM-983B,,WM-983B,,,,,,,,skin,skin,
WM1799,,WM1799,,,,,,,,,skin,WM-1799
WSU-DLCL2,,WSU-DLCL2,,,,,,WSU-DLCL2,WSU-DLCL2,haematopoietic_and_lymphoid_tissue,haematopoietic_and_lymphoid_tissue,
YD-10B,,YD-10B,,,,,,,,,upper_aerodigestive_tract,D10|GI-101|YH-13|no-10|BL-10|CD-11|CD-18|Ma-10|PC-10|TE-10|AF-10|TK-1B|TK-10|HDC101|HDC102|HDC108|ES-10T|94-10|GA-10
YD-15,,YD-15,,,,,,,,,salivary_gland,HN-15|YH-13|CD-11|CD-18|TE-15|DF-15
YD-38,,YD-38,,,,,,,,,upper_aerodigestive_tract,AM-38|CD-18|JD38
YD-8,,YD-8,,,,,,,,,upper_aerodigestive_tract,D08|WM-8|CD-18|JD38|PK-8|TE-8|GDI8|HDC8|PL-8|GS-8
YMB-1,,YMB-1,,,,,,YMB-1,YMB-1,,breast,TMK-1|FB-1|NB-1|OM-1|GB-1|OMC-1|RMG-1|YKG-1|ME-1|YNH-1|KMP-1|Ma-1|TNB-1|MKB-1|ML-1|MS-1|KMM-1|MML-1|CTB-1|HMC-1|AMO-1|YMB1-E|CMK-1|MH-1|YCR-1|KYM-1
ZR751,,ZR-75-1,ZR751,,ZR751,ZR751,ZR751,,,,breast,ZR75-1|ZR75_1
1A2,,,1A2,,,,,,,,,A2
A7,,,A7,,,,,,,,,A2|A07|AQ|AS|K7|A3
BC2,,,BC2,,,,,,,,,BC-2|BT2
BE2C,,,BE2C,,,,,,,autonomic_ganglia,autonomic_ganglia,
BEWO,,,BEWO,,,,,,,,,MEWO
BM1604,,,BM1604,,,,,,,,,WM164
C4I,,,C4I,,,,,,,cervix,cervix,
CAHPV10,,,CAHPV10,,,,,,,,,HPV10
CEMC1,,,CEMC1,,,,,,,haematopoietic_and_lymphoid_tissue,haematopoietic_and_lymphoid_tissue,
COLO320DM,,,COLO320DM,,,,,,,large_intestine,large_intestine,
HEC1B,,,HEC1B,,,,HEC1B,,,endometrium,endometrium,
HELA,,,HELA,,,,,,,,,HEL
HN5,,,HN5,,,,,,,upper_aerodigestive_tract,upper_aerodigestive_tract,
HSSULTAN,,,HSSULTAN,,,,,,,,,STAN
HT29,,,HT29,,,,,,,large_intestine,large_intestine,
IGROV1,,,IGROV1,,,,IGROV1,,,,,IGROV-1|IGROV|IGR-OV1
KHOS240S,,,KHOS240S,,,,,,,,,KHOS-240S
LS1034,,,LS1034,,,,,LS1034,,large_intestine,large_intestine,
MCF10A,,,MCF10A,,MCF10A,MCF10A,MCF10A,,,breast,breast,
MT3,,,MT3,,,MT3,MT3,,,,,M3|ML3|MT-3|MT2|Ma3|MT|HT3
MV522,,,MV522,,,,,,,,,MU522
MX1,,,MX1,,,MX1,MX1,,MX1,,,ML1|MS1|Ma1|M21|Ms1|MM1
NC37,,,NC37,,,,,,,,,NC-37
NCIADRRES,,,NCIADRRES,,,,NCIADRRES,,,,,NCI-ADR-RES|NCI/ADR-RES
NCIH157,,,NCIH157,,,,,,,,,NCI-H157|NCI-157
PLB985,,,PLB985,,,,,,,haematopoietic_and_lymphoid_tissue,haematopoietic_and_lymphoid_tissue,
RKOE6,,,RKOE6,,,,,,,,,RKO-E6
RWPE1,,,RWPE1,,,,,,,,,RWP1|RWP-1|RWPE|RWPE-1
SCC12,,,SCC12,,,,,,,,,ECC12|SCC-12|SCC12B|SCC12F|SCCT2
SCC13,,,SCC13,,,,,,,,,MCC13|SCC3|SCC-3|SCC-13|SCCT3
SCC4,,,SCC4,,,,,,,upper_aerodigestive_tract,upper_aerodigestive_tract,
SCC9,,,SCC9,,,,,,,upper_aerodigestive_tract,upper_aerodigestive_tract,
SCLC3,,,SCLC3,,,,,,,,,SCC3
SKO007,,,SKO007,,,,,,,,,S64007|S21007|S65007
SNU1,,,SNU1,,,,SNU1,,,,,SNU5|SNU-1|SN-1|SNK1
SNU16,,,SNU16,,,,SNU16,,,,,SNU-16
SNU5,,,SNU5,,,,SNU5,,,stomach,stomach,
SUDHL16,,,SUDHL16,,,,,,,haematopoietic_and_lymphoid_tissue,haematopoietic_and_lymphoid_tissue,
TANOUE,,,TANOUE,,,,,,TANOUE,haematopoietic_and_lymphoid_tissue,haematopoietic_and_lymphoid_tissue,
TE381T,,,TE381T,,,,,,,,,TE-381-T
U20S,,,U20S,,,,,,,bone,bone,
UO31,,,UO31,,,,UO31,,,,,U031|UO-31
WI38,,,WI38,,,,,,,,,H838|M238|T238|AM38|WIDR|WM-8|JD38|WM8|5838|U138|WM35
WIDR,,,WIDR,,,,,,,large_intestine,large_intestine,
Y79,,,Y79,,,,,,,eye,eye,
YPAC,,,YPAC,,,,,,,,,HPAC|YAPC
MDA-N,,,,ME:MDA_N,,,,,,haematopoietic_and_lymphoid_tissue,haematopoietic_and_lymphoid_tissue,
184A1,,,,,184A1,184A1,184A1,,184A1,,,H841|183A
184B5,,,,,184B5,184B5,,,184B5,,,H345|H841|M245|T84|NB5|C84|O24B|A1847|FM45|H2405|L835|MM415|MM455|MM485|1B7|1E4|4H5|PL45|143B|M455|1284925|1284935|1284945|1284950|1284951|1284952|1284953|1284954|1284955|1284956|1284957|1284958|1284959|1284965|1284975|PT45|S14895|1038465|1038475|584|S805|910405|1483|183A|982455
600MPE,,,,,600MPE,600MPE,,,600MPE,breast,breast,
HCC2185,,,,,HCC2185,HCC2185,,,HCC2185,breast,breast,
HCC3153,,,,,HCC3153,HCC3153,,,HCC3153,breast,breast,
LY2,,,,,LY2,LY2,,,LY2,breast,breast,
MCF10F,,,,,MCF10F,MCF10F,,,,breast,breast,
MCF12A,,,,,MCF12A,MCF12A,MCF12A,,MCF12A,breast,breast,
SUM102PT,,,,,SUM102PT,SUM102PT,,,,breast,breast,
SUM1315MO2,,,,,SUM1315MO2,SUM1315MO2,,,SUM1315MO2,breast,breast,
SUM149PT,,,,,SUM149PT,SUM149PT,SUM149PT,,SUM149PT,breast,breast,
SUM159PT,,,,,SUM159PT,SUM159PT,SUM159PT,,SUM159PT,breast,breast,
SUM185PE,,,,,SUM185PE,SUM185PE,SUM185PE,,SUM185PE,breast,breast,
SUM225CWN,,,,,SUM225CWN,SUM225CWN,SUM225CWN,,SUM225CWN,breast,breast,
SUM44PE,,,,,SUM44PE,SUM44PE,SUM44PE,,,breast,breast,
SUM52PE,,,,,SUM52PE,SUM52PE,SUM52PE,,SUM52PE,breast,breast,
ZR75B,,,,,ZR75B,ZR75B,,,ZR75B,,,ZR-75B
